SAMPLE	MEAN	QUART1	MEDIAN	QUART3	SD
01b_01	20.9819	1	6	30	31.1815
01b_02	248.822	1	35	371	440.09
01b_03	139.346	2	52	204	224.385
01b_04	10.122	1	2	14	17.8542
01b_05	161.888	2	40	252	266.727
01b_06	343.103	2	37	544	562.483
01b_07	13.4399	2	6	16	20.5141
01b_08	148.834	2	58	219	232.355
01b_09	85.8408	14	60	131	93.6188
01b_10	301.359	2	58	518	441.579
01b_11	28.5745	6	22	40	29.4701
01b_12	303.738	2	66	503	446.927
01b_13	37.598	2	24	55	44.7834
01b_14	230.882	6	116	360	309.516
01b_15	27.2742	5	22	39	27.4743
01b_16	279.983	2	60	476	407.403
01b_17	97.6226	6	61	150	119.514
01b_18	80.6904	15	55	119	89.041
01b_19	284.83	3	82	473	410.314
01b_20	211.742	4	88	351	276.395
01b_21	29.8623	2	20	44	35.8588
01b_22	122.475	6	66	184	165.004
01b_23	90.4184	15	60	136	104.048
01b_24	133.59	3	68	209	181.265
01b_25	349.836	2	119	611	469.961
01b_26	43.5448	12	31	60	47.0336
01b_27	192.173	3	83	317	252.812
01b_28	169.395	3	76	283	221.112
01b_29	590.743	1	25	842	1044.21
01b_30	127.28	3	63	208	159.964
01b_31	130.12	3	68	208	168.942
01b_32	289.271	2	84	500	400.625
01b_33	322.388	2	57	554	474.781
01b_34	48.5752	13	34	68	52.2651
01b_35	43.5858	3	27	61	53.1408
01b_36	364.334	2	56	572	569.648
01b_37	25.5512	1	16	36	33.2626
01b_38	22.1761	2	19	32	22.2535
01b_39	212.642	4	87	356	278.122
01b_40	196.983	2	66	319	280.972
01b_41	81.0609	11	55	124	89.9868
01b_42	85.6638	12	56	128	105.357
01b_43	81.5619	15	52	121	91.6257
01b_44	21.8075	1	16	31	26.4159
01b_45	271.535	2	73	416	424.628
01b_46	9.82605	1	2	14	16.0176
01b_47	1147.41	1	6	132	2493.53
01b_48	1204.94	1	5	156	2554.05
04b_01	1.94949	1	1	2	3.20523
04b_03	21.2554	1	2	36	35.6822
04b_05	3.95101	1	1	2	13.9375
04b_07	18.8118	1	2	23	36.5523
04b_11	29.5867	1	4	45	46.8522
04b_15	10.453	1	1	2	25.695
04b_16	3.80201	1	1	2	11.8838
04b_20	5.70021	1	1	2	16.4359
04b_23	1.65969	1	1	2	2.42045
04b_47	124.281	2	53	164	201.217
04b_48	9.29472	1	1	2	25.7762
04b_49	12.0253	1	1	3	28.3406
04b_50	2.86929	1	1	2	8.45145
05abc_01	209.652	6	109	302	289.907
05abc_02	94.1326	9	54	124	128.547
05abc_04	241.079	4	95	332	381.286
05abc_05	319.989	2	90	491	483.115
05abc_06	295.153	2	103	413	461.81
05abc_07	9.79851	1	1	3	31.4923
05abc_08	368.673	2	101	555	564.119
05abc_09	154.324	4	71	215	228.996
05abc_10	247.228	3	118	371	339.659
05abc_11	3.24488	1	1	2	13.8378
05abc_12	367.748	2	82	401	703.57
05abc_13	465.163	1	57	726	743.601
05abc_14	30.8282	1	6	48	44.9417
05abc_15	98.8808	5	58	135	138.145
05abc_16	119.078	2	44	168	188.713
05abc_17	99.7453	3	54	143	133.143
05abc_18	250.181	5	126	381	341.253
05abc_19	194.237	6	94	280	271.382
05abc_20	101.665	4	52	131	161.177
05abc_21	163.126	2	67	227	258.438
05abc_23	86.6475	10	54	118	104.722
05abc_24	47.2403	1	29	70	63.3394
05abc_25	154.84	5	79	225	219.513
05abc_26	1.82631	1	1	2	3.65149
05abc_27	64.8983	11	45	88	77.0265
05abc_29	194.543	4	86	275	283.849
05abc_30	234.597	4	102	349	346.631
05abc_31	375.879	2	86	572	588.346
05abc_32	129.799	12	76	186	164.295
05abc_33	116.786	4	62	164	160.447
05abc_34	243.996	5	99	359	366.357
05abc_35	90.7241	3	49	122	127.949
05abc_36	48.6344	1	29	70	65.8546
05abc_37	69.6316	3	45	97	89.0631
05abc_38	78.2768	2	43	105	111.893
05abc_39	125.465	16	74	177	157.58
05abc_40	14.1289	1	1	7	28.9821
05abc_41	420.379	2	71	532	740.386
05abc_42	25.8687	2	5	29	51.3599
05abc_43	33.9143	1	8	50	50.9335
05abc_44	74.7633	2	43	103	103.572
05abc_45	39.2189	1	27	56	51.7436
05abc_46	161.111	4	69	227	239.271
05abc_47	15.3187	1	1	7	31.2753
05abc_48	54.5581	2	36	79	73.2333
05abc_49	29.8702	1	3	47	45.5369
05abc_50	57.0823	2	36	82	77.7766
06a_01	87.108	13	55	130	99.5822
06a_02	90.0214	5	50	130	116.974
06a_03	75.2776	10	44	110	91.9238
06a_04	49.7204	3	31	71	60.6812
06a_05	45.2899	2	25	65	60.1633
06a_06	226.306	2	90	328	355.884
06a_07	74.9309	4	41	107	100.163
06a_08	95.6019	10	56	139	122.559
06a_09	62.7827	6	37	87	84.7969
06a_10	124.514	9	68	184	163.581
06a_11	61.6629	9	37	86	79.6913
06a_12	220.67	5	105	351	291.734
06a_13	155.667	9	82	241	208.092
06a_14	225.86	3	94	343	329.143
06a_15	47.1913	12	30	64	53.7228
06a_16	99.8071	3	49	140	143.851
06a_17	17.1697	1	3	26	26.1222
06a_18	53.6407	12	36	75	62.7926
06a_19	34.5534	11	25	48	35.18
06a_20	97.4256	12	59	137	130.988
06a_21	254.571	2	78	405	374.966
06a_22	197.504	4	97	302	269.73
06a_23	57.8923	3	33	82	77.3794
06a_24	97.8819	5	51	135	141.863
06a_26	111.058	11	70	164	135.807
06a_27	113.529	12	76	177	131.264
06a_28	268.311	2	79	428	393.083
06a_29	34.2292	2	21	50	43.0844
06a_30	205.125	4	108	318	272.064
06a_31	23.2653	1	16	34	28.0233
06a_33	146.127	3	75	229	189.518
06a_34	283.265	2	97	454	407.81
06a_35	78.684	12	52	113	92.4213
06a_36	134.312	12	75	194	185.957
06a_37	70.7643	9	42	100	90.8388
06a_38	39.3929	3	24	53	51.3588
06a_39	415.242	2	62	653	656.594
06a_40	47.9164	13	32	63	58.169
06a_41	215.143	3	96	332	309.022
06a_42	408.301	1	31	615	684.061
06a_43	108.347	10	68	160	132.592
06a_44	67.9501	17	47	96	75.2634
06a_45	95.8348	18	64	140	114.73
06a_46	88.1115	9	53	132	106.036
06a_47	219.06	3	101	347	306.35
06a_48	95.728	10	53	135	133.621
06a_49	67.6967	4	39	97	89.7916
06a_50	152.271	3	75	236	201.651
06c_01	254.828	1	97	341	398.843
06c_02	219.321	1	79	300	339.206
06c_03	126.665	2	103	188	143.335
06c_04	85.3971	1	2	143	141.239
06c_05	9.50085	1	2	6	31.0129
06c_06	5.55496	1	1	2	27.3383
06c_07	64.388	1	2	120	103.342
06c_08	147.784	1	68	203	219.841
06c_09	378.559	2	139	498	591.973
06c_100	456.483	1	80	592	791.959
06c_10	115.764	1	14	163	181.196
06c_11	84.4482	1	8	147	118.4
06c_12	52.796	1	1	70	99.8309
06c_13	149.768	1	73	210	213.247
06c_14	2.05092	1	1	2	3.9362
06c_15	23.1517	1	1	3	60.1171
06c_16	51.6038	1	1	89	91.2204
06c_17	148.792	1	90	208	201.696
06c_18	79.8181	1	2	133	135.908
06c_19	54.6331	1	2	64	107.785
06c_20	73.6351	1	2	122	134.155
06c_21	10.6261	1	1	2	40.9631
06c_22	7.35491	1	1	2	32.4566
06c_23	2.4517	1	1	2	6.52602
06c_24	5.06278	1	1	2	25.0367
06c_25	80.2084	1	2	124	148.268
06c_29	51.0379	1	2	79	94.2378
06c_30	61.9896	1	2	117	100.324
06c_31	152.411	1	35	199	244.299
06c_32	11.6036	1	3	7	33.9844
06c_33	17.2644	1	1	2	57.1452
06c_34	16.3754	1	1	2	50.8607
06c_35	5.77915	1	1	2	25.2327
06c_37	95.7894	1	4	146	163.083
06c_38	23.3207	1	1	2	65.46
06c_39	56.2226	1	1	65	108.048
06c_40	45.4539	1	1	16	92.3315
06c_41	5.05933	1	1	2	26.043
06c_42	19.2567	1	1	2	60.5411
06c_43	3.81833	1	1	1	18.1064
06c_44	17.5667	1	1	2	56.0225
06c_45	56.6818	1	2	49	119.603
06c_46	8.37518	1	1	2	37.1702
06c_47	10.638	1	1	2	41.3532
06c_48	2.5176	1	1	2	9.66138
06c_49	5.66275	1	1	2	26.5942
06c_50	2.12756	1	1	2	3.92857
06c_51	33.2951	2	5	17	82.6898
06c_52	7.30714	1	1	3	35.5642
06c_53	53.5853	1	2	89	97.5436
06c_54	101.516	1	27	157	142.805
06c_55	172.866	2	114	249	240.372
06c_56	103.484	1	3	153	186.167
06c_57	12.5147	1	1	2	45.3748
06c_58	40.5729	1	1	12	87.2637
06c_59	40.8265	1	1	8	94.3341
06c_60	3.21164	1	1	2	17.0089
06c_61	3.15134	1	1	2	8.87156
06c_62	28.9537	1	1	8	70.4775
06c_63	107.957	1	23	158	159.399
06c_65	160.338	1	37	229	268.407
06c_66	20.1628	1	1	2	59.446
06c_68	77.6643	1	5	131	126.312
06c_69	16.4585	1	1	3	51.7783
06c_70	7.03099	1	1	2	32.7941
06c_71	14.9943	1	1	2	56.2776
06c_72	5.51238	1	1	2	28.4621
06c_73	23.215	1	1	3	67.293
06c_74	17.4999	1	1	2	53.5027
06c_75	34.3787	1	2	5	78.7919
06c_76	75.147	1	2	113	146.197
06c_77	12.954	2	5	14	23.7998
06c_78	3.1447	1	1	1	17.5747
06c_79	5.24339	1	1	2	31.0237
06c_80	5.28257	1	1	1	26.3383
06c_81	22.9122	1	1	4	57.7417
06c_82	1.78575	1	1	1	12.4239
06c_83	4.30026	1	1	2	23.7366
06c_84	3.44914	1	1	2	18.5663
06c_85	1.97838	1	1	2	6.40332
06c_86	3.40809	1	1	1	20.0929
06c_87	1.85985	1	1	2	5.94993
06c_88	1.9867	1	1	2	7.34959
06c_89	5.40804	1	1	2	24.2581
06c_90	4.12598	1	1	2	21.0824
06c_91	2.78082	1	1	2	17.4788
06c_92	2.07312	1	1	2	8.03786
06c_93	2.15499	1	1	2	6.49262
06c_94	2.16487	1	1	2	12.6973
06c_95	9.87674	1	1	3	26.8307
06c_96	66.4188	3	43	90	88.3515
06c_97	47.7971	2	32	72	58.8361
06c_98	109.993	4	60	153	158.63
06c_99	324.082	2	76	430	552.911
07a_01	61.0911	14	42	85	70.8146
07a_03	303.561	2	69	452	482.936
07a_04	688.049	1	20	664	1398.29
07a_05	57.6289	8	38	84	67.9462
07a_06	31.6341	6	24	45	32.9186
07a_07	243.726	3	88	402	333.933
07a_08	122.698	2	56	197	164.273
07a_09	106.671	6	64	165	128.188
07a_10	58.4084	10	39	86	65.7809
07a_11	556.818	2	50	875	873.301
07a_12	255.981	4	83	413	360.964
07a_13	535.938	1	25	774	938.168
07a_14	83.7643	16	52	122	98.6332
07a_15	38.9783	5	28	55	42.2509
07a_16	93.6614	7	54	142	120
07a_17	1.87219	1	1	2	2.73844
07a_18	24.2971	2	20	35	24.7063
07a_19	83.9145	16	54	118	99.8266
07a_20	39.3107	3	26	55	48.7131
07a_21	213.665	5	86	339	292.38
07a_22	118.458	3	50	174	174.231
07a_23	75.9338	6	44	112	92.9236
07a_24	36.3861	2	20	53	49.1796
07a_25	164.173	2	63	254	236.897
07a_26	97.8695	9	61	149	115.401
07a_27	108.842	4	52	161	153.028
07a_28	267.485	2	56	433	404.19
07a_29	52.1892	12	36	74	58.2471
07a_30	26.5349	1	16	39	34.5787
07a_31	990.841	1	13	405	2082.93
07a_32	200.057	2	67	319	288.593
07a_33	255.914	2	85	425	360.985
07a_34	147.976	8	75	221	204.236
07a_35	132.029	11	71	199	168.178
07a_36	523.35	1	33	710	907.787
07a_37	15.6479	1	4	26	20.2849
07a_38	159.17	6	80	245	206.629
07a_39	55.6932	6	33	78	72.1735
07a_40	35.7169	4	24	51	41.8314
07a_41	244.203	3	92	359	367.849
07a_42	17.9671	1	7	27	23.9981
07a_43	147.942	5	68	219	214.7
07a_44	152.653	12	85	228	198.335
07a_45	154.602	6	84	243	194.595
07a_46	74.0483	7	44	108	90.7629
07a_48	16.6529	1	4	25	24.5154
07a_49	208.313	2	79	326	302.707
07a_50	21.1151	1	10	31	27.6956
08ab_01	3.059	1	1	2	17.2581
08ab_02	12.2678	1	1	3	49.7008
08ab_03	75.9909	1	3	125	116.873
08ab_04	24.9038	1	1	3	70.7209
08ab_05	57.1657	1	2	90	107.31
08ab_06	229.25	1	83	318	378.078
08ab_07	22.7727	1	2	4	67.75
08ab_08	28.6544	1	1	3	80.9969
08ab_09	3.40714	1	1	1	17.6555
08ab_10	49.1982	1	2	58	90.1673
08ab_11	78.5409	1	4	130	135.844
08ab_12	28.4964	1	1	3	78.9651
08ab_13	95.6716	1	36	152	131.735
08ab_14	33.2091	1	1	4	97.3312
08ab_15	39.7116	1	1	18	89.889
08ab_16	15.8754	1	1	2	53.8713
08ab_17	40.2038	1	1	8	87.5774
08ab_18	93.7908	1	21	140	142.116
08ab_19	27.2109	1	1	5	75.5132
08ab_20	178.703	1	98	266	258.851
08ab_21	27.1229	1	1	3	79.9158
08ab_22	112.268	1	11	162	193.495
08ab_23	37.5998	1	1	7	87.5551
08ab_24	91.1805	1	7	147	137.86
08ab_25	140.651	1	61	205	203.722
08ab_26	105.372	1	6	152	184.714
08ab_27	261.987	2	127	385	392.26
08ab_28	577.961	1	101	801	972.519
08ab_29	204.894	1	16	276	372.115
08ab_30	136.057	1	78	193	199.596
08ab_31	196.441	2	13	259	364.513
08ab_32	61.5614	1	2	103	111.963
08ab_33	107.559	1	56	159	154.034
08ab_34	178.872	2	128	263	223.497
08ab_35	246.174	1	113	339	400.915
08ab_36	218.786	1	96	308	348.388
08ab_37	148.402	1	43	216	231.012
08ab_39	87.9918	1	12	139	133.387
08ab_40	234.581	2	128	332	331.598
08ab_41	50.8222	1	2	62	110.802
08ab_42	257.015	2	129	369	378.879
08ab_43	184.754	1	97	256	297.127
08ab_44	54.3565	1	2	72	104.817
08ab_45	193.52	1	61	284	315.52
08ab_46	803.961	1	24	1152	1372.55
08ab_47	241.66	2	135	347	328.416
08ab_49	327.134	1	29	430	587.064
08ab_50	304.712	2	131	446	457.776
09a_04	18.3278	1	2	25	33.8096
09a_05	61.3287	2	30	78	99.9368
09a_07	60.6207	5	32	83	82.9127
09a_08	12.1443	1	2	10	24.4268
09a_10	275.589	2	44	346	487.385
09a_14	546.772	1	34	632	1037.98
09a_15	35.4356	2	13	50	55.5546
09a_17	103.231	6	46	138	174.128
09a_18	234.605	3	52	288	432.216
09a_28	80.6168	6	42	112	111.967
09a_31	38.9999	2	26	54	52.4385
09a_32	58.2753	2	29	80	88.7939
09a_39	30.5693	1	11	43	49.5851
09a_43	3.74758	1	1	2	10.5757
09a_44	32.7613	1	20	44	45.2334
09a_50	185.972	4	62	257	300.85
09b_01	27.4272	1	1	3	71.0933
09b_02	1152.85	1	5	976	2236.79
09b_03	430.133	2	146	596	651.912
09b_04	7.3826	1	1	2	31.4156
09b_05	307.156	1	131	439	442.398
09b_06	69.184	1	3	117	123.84
09b_07	20.5044	2	4	10	50.2361
09b_08	298.3	2	145	426	414.001
09b_09	107.273	1	66	163	134.332
09b_10	104.091	1	33	159	143.652
09b_11	26.013	1	1	3	67.0328
09b_12	126.677	1	78	182	163.099
09b_13	50.1011	1	1	69	91.4985
09b_14	328.244	2	134	446	495.091
09b_15	95.6429	1	63	155	112.553
09b_16	129.64	1	69	179	177.974
09b_17	226.049	3	142	320	283.968
09b_18	103.382	1	45	161	135.328
09b_19	333.832	2	148	492	456.894
09b_20	168.054	2	113	251	216.762
09b_21	57.9906	1	2	111	96.3816
09b_22	186.137	1	96	269	269.245
09b_23	166.728	2	127	256	194.736
09b_24	81.7695	1	18	149	105.322
09b_25	155.29	2	85	234	209.544
09b_26	127.582	1	90	183	156.512
09b_27	150.241	1	85	224	203.636
09b_28	9.41554	1	2	3	36.0763
09b_29	274.824	1	118	392	406.002
09b_30	102.063	1	9	157	155.344
09b_31	136.003	2	30	197	195.783
09b_32	189.31	2	128	282	236.196
09b_33	119.701	1	49	172	166.279
09b_34	111.725	1	83	166	131.988
09b_35	76.9869	1	5	144	110.611
09b_36	144.92	1	92	200	190.828
09b_37	387.234	2	160	530	577.909
09b_38	119.668	2	96	174	135.125
09b_39	110.165	1	52	167	146.527
09b_40	262.615	2	127	383	365.836
09b_41	21.1429	1	1	2	57.348
09b_42	202.647	4	138	301	243.663
09b_43	115.621	1	67	171	149.322
09b_44	50.9175	1	2	89	89.6806
09b_45	199.213	2	102	298	277.76
09b_46	8.59279	1	1	2	35.68
09b_47	365.212	2	146	502	551.49
09b_48	66.9301	1	4	135	91.3887
09b_49	31.4497	1	1	8	66.0759
09b_50	2.84183	1	1	2	12.0554
10a_01	83.9559	7	43	115	115.839
10a_02	156.185	4	52	214	255.624
10a_03	232.388	4	54	310	390.928
10a_04	153.792	5	54	212	241.282
10a_05	68.8649	7	38	97	91.2886
10a_06	325.695	2	65	449	550.102
10a_07	123.135	5	45	149	220.995
10a_08	176.303	3	48	230	297.117
10a_09	392.955	2	40	518	694.809
10a_10	60.9213	11	37	83	75.9725
10a_11	248.065	4	60	364	405.064
10a_12	220.565	2	50	302	380.07
10a_13	337.643	2	33	316	690.681
10a_14	211.152	3	61	298	354.584
10a_17	327.598	2	54	430	570.559
10a_20	308.78	2	49	376	564.279
10a_21	456.428	2	44	590	803.184
10a_22	108.716	13	54	158	152.626
10a_23	97.8757	2	37	130	164.417
10a_24	377.186	2	39	465	697.905
10a_25	109.639	5	50	157	152.675
10a_28	159.708	6	62	242	236.517
10a_31	211.563	4	49	296	354.743
10a_33	241.482	2	50	313	430.093
10a_34	137.909	5	52	199	205.562
10a_36	281.067	3	58	430	439.063
10a_37	225.481	4	62	338	350.705
10a_39	50.5666	8	31	70	62.0262
10a_40	419.09	2	35	399	815.578
10a_41	136.529	16	72	208	173.323
10a_43	904.754	1	14	269	2030.35
10a_44	733.294	1	24	504	1532.11
10a_48	360.761	2	46	459	639.14
10bc_01	8.96539	1	1	2	48.4061
10bc_02	525.949	1	132	754	840.444
10bc_03	231.853	2	112	326	346.957
10bc_04	183.138	1	34	249	324.112
10bc_05	953.741	1	5	986	1847.99
10bc_06	1200.4	1	3	372	2498.1
10bc_07	28.6841	1	3	10	71.6281
10bc_08	387.745	2	156	560	571.067
10bc_09	141.035	2	101	209	183.82
10bc_10	419.274	1	125	602	659.731
10bc_11	16.6728	1	1	2	66.6922
10bc_12	233.36	1	48	330	393.084
10bc_13	103.17	1	4	151	180.521
10bc_14	574.976	1	93	834	943.836
10bc_15	132.379	1	75	196	180.504
10bc_16	479.445	1	116	711	757.259
10bc_17	147.332	1	72	221	223.87
10bc_18	120.214	1	16	173	185.864
10bc_19	347.748	1	120	516	541.994
10bc_20	165.271	1	102	248	235.77
10bc_21	93.192	1	9	151	135.802
10bc_22	561.261	1	125	823	888.524
10bc_23	114.472	1	29	162	175.804
10bc_24	250.555	2	130	362	352.579
10bc_25	294.128	1	80	403	492.659
10bc_26	17.6367	1	1	2	62.4447
10bc_27	114.576	1	41	166	172.419
10bc_28	377.727	1	51	519	650.112
10bc_29	824.251	1	7	735	1634.65
10bc_30	246.01	2	126	354	356.874
10bc_31	170.652	1	82	250	264.617
10bc_32	505.227	1	117	722	823.255
10bc_33	430.927	1	95	611	703.627
10bc_35	60.6219	1	2	102	107.576
10bc_36	158.189	1	47	237	244.448
10bc_37	587.125	1	10	806	1027.85
10bc_38	176.901	1	103	266	254.905
10bc_39	32.7592	1	1	11	79.1153
10bc_40	358.286	1	61	490	610.571
10bc_41	537.752	1	92	754	903.673
10bc_42	281.976	2	139	418	408.316
10bc_44	233.291	1	64	336	369.669
10bc_45	544.347	1	63	798	907.471
10bc_46	140.428	1	24	206	224.81
10bc_47	611.671	1	28	868	1063.82
10bc_48	71.772	1	3	125	122.505
10bc_49	1196.15	1	4	671	2406.05
10bc_50	1141.85	1	4	737	2312.06
10bc_51	209.993	2	125	305	286.465
10bc_52	211.282	2	119	297	314.338
10bc_53	68.4022	1	2	96	149.147
10bc_57	930.204	1	4	405	1990.3
11ab_01	137.593	5	54	185	220.39
11ab_02	24.1048	1	4	32	44.7792
11ab_03	261.76	2	32	241	574.225
11ab_04	123.474	3	39	152	233.478
11ab_05	183.823	3	48	219	352.962
11ab_06	61.1322	1	11	65	138.911
11ab_07	252	3	60	297	476.847
11ab_08	6.82442	1	1	3	16.2732
11ab_09	40.8033	1	21	56	62.9387
11ab_10	92.7008	2	39	127	143.032
11ab_12	165.961	3	41	180	356.564
11ab_13	23.1534	1	4	32	37.8693
11ab_14	61.9668	7	34	83	89.3599
11ab_15	28.9327	1	13	41	42.5003
11ab_16	227.828	2	46	288	416.267
11ab_17	320.122	3	59	405	572.785
11ab_19	223.352	3	50	288	390.207
11ab_20	89.3804	11	47	123	148.06
11ab_21	237.699	2	57	331	396.469
11ab_23	96.6666	3	40	122	171.27
11ab_24	38.4618	1	21	52	65.074
11ab_25	56.8515	1	25	73	97.6891
11ab_26	183.63	2	52	228	340.728
11ab_27	87.6192	2	33	108	163.451
11ab_28	81.9658	3	32	99	146.102
11ab_29	38.7901	1	18	53	67.8301
11ab_31	28.3608	1	9	36	52.7021
11ab_32	126.177	4	50	174	196.913
11ab_33	165.927	3	55	210	305.884
11ab_34	105.854	2	26	124	211.804
11ab_35	64.0538	6	35	86	93.0015
11ab_36	155.995	2	39	193	282.812
11ab_37	28.1734	1	3	35	54.5448
11ab_38	142.301	5	52	182	252.016
11ab_39	33.0833	1	17	44	54.092
11ab_41	123.141	4	46	160	213.973
11ab_42	154.846	3	48	188	289.945
11ab_44	25.2926	1	5	35	41.3953
11ab_46	328.749	2	37	337	654.967
11ab_47	36.1521	1	11	44	64.9817
11ab_48	148.195	3	44	179	281.171
11ab_49	287.166	2	34	286	583.997
11ab_50	254.074	2	31	192	616.777
11c_01	71.2073	1	2	122	121.378
11c_03	1159.95	1	4	811	2311.37
11c_04	636.511	1	109	899	1034.67
11c_05	919.573	1	33	1169	1608.38
11c_06	266.635	2	134	397	360.48
11c_07	402.374	1	131	558	627.614
11c_08	118.439	2	102	172	130.275
11c_09	136.768	1	101	196	165.927
11c_10	140.468	2	103	211	168.109
11c_11	501.409	1	123	745	767.445
11c_12	41.7796	1	1	10	88.45
11c_13	53.6972	1	2	90	92.3485
11c_14	274.332	2	153	416	338.029
11c_16	671.933	1	48	865	1163.4
11c_17	171.328	2	121	261	207.849
11c_20	104.742	1	60	163	129.484
11c_21	171.021	2	123	268	202.154
11c_22	368.281	2	141	529	529.133
11c_23	146.192	1	80	211	199.501
11c_24	154.479	1	94	231	205.813
11c_25	229.949	3	148	334	277.568
11c_26	228.348	2	140	336	285.286
11c_27	94.2394	1	28	156	120.809
11c_28	354.02	1	137	503	521.497
11c_29	43.0657	1	2	21	88.3169
11c_30	660.886	1	83	888	1100.91
11c_31	148.707	1	84	231	197.909
11c_32	361.287	2	138	478	547.868
11c_33	425.059	1	114	581	666.825
11c_34	33.6334	1	1	5	77.745
11c_35	115.493	1	67	169	148.645
11c_36	134.401	1	81	199	171.849
11c_37	66.0073	1	2	126	106.581
11c_38	78.2061	1	6	143	110.574
11c_39	158.743	1	105	242	204.66
11c_40	174.693	2	117	276	219.706
11c_41	33.7266	1	2	6	79.7323
11c_42	97.8538	1	8	155	139.77
11c_43	40.8617	1	1	29	81.2861
11c_44	125.252	2	106	179	141.925
11c_45	275.471	3	156	418	340.461
11c_46	157.01	4	122	236	175.035
11c_47	419.389	1	131	567	655.249
11c_48	53.8147	1	2	87	100.109
11c_49	36.01	1	1	6	77.2788
11c_50	54.7059	1	4	99	85.5095
12a_01	231.303	1	22	301	433.1
12a_02	381.407	1	12	476	712.135
12a_03	387.895	1	16	500	707.84
12a_04	322.48	1	94	440	552.782
12a_05	30.7765	1	1	6	92.39
12a_06	64.1511	1	2	115	105.175
12a_07	48.9872	1	1	38	106.598
12a_08	247.795	1	6	283	534.303
12a_09	45.9018	1	1	22	105.501
12a_10	68.9227	1	2	110	131.076
12a_11	85.5487	1	2	130	162.906
12a_12	142.676	1	4	172	280.75
12a_13	492.302	1	87	635	858.964
12a_14	253.529	2	128	345	400.531
12a_15	135.702	1	53	197	216.489
12a_16	198.169	1	16	274	354.399
12a_17	148.109	1	47	210	228.2
12a_18	43.5747	1	1	16	97.171
12a_19	38.7743	1	2	6	98.476
12a_20	186.236	1	98	267	291.824
12a_21	138.736	1	6	180	263.154
12a_23	151.567	1	23	211	266.516
12a_24	52.3108	1	2	33	124.198
12a_26	302.689	1	55	404	532.896
12a_27	83.9171	1	2	124	162.456
12a_28	189.445	1	15	255	358.255
12a_29	114.975	1	4	133	261.812
12a_30	43.0587	1	1	31	90.1986
12a_31	121.712	1	12	174	208.914
12a_32	55.3315	1	2	72	105.494
12a_33	150.115	1	100	216	209.586
12a_34	30.6118	1	1	4	81.8898
12a_35	149.079	1	55	214	241.632
12a_37	52.7466	1	1	60	105.259
12a_38	44.2329	1	2	12	101.8
12a_39	156.447	1	69	218	249.01
12a_40	76.9842	1	3	129	123.468
12a_41	14.5009	1	1	2	48.1773
12a_42	49.1983	1	2	49	98.8952
12a_43	13.0906	1	1	2	45.9611
12a_44	247.058	1	92	342	404.446
12a_45	18.7738	1	1	2	64.6857
12a_46	21.1608	1	1	3	67.421
12a_48	5.1257	1	1	2	25.3925
12a_49	717.36	1	64	824	1332.48
12a_50	69.8784	1	2	108	134.866
12m_01	132.825	12	80	208	159.839
12m_02	98.118	9	58	147	121.642
12m_03	7.15351	1	2	4	13.6131
12m_04	345.721	2	22	422	669.05
12m_05	261.451	2	44	434	406.961
12m_07	158.413	3	74	251	211.607
12m_08	55.6977	2	29	82	75.3565
12m_09	189.149	2	72	304	267.452
12m_10	20.1415	1	14	29	23.0224
12m_11	11.7493	1	2	18	19.2262
12m_12	46.1711	3	28	66	62.5166
12m_13	163.674	3	70	244	251.959
12m_14	27.1743	5	22	38	27.6597
12m_15	25.6417	2	20	37	28.5933
12m_16	19.3554	1	11	28	25.5771
12m_17	140.018	2	62	229	182.955
12m_18	491.401	2	26	705	877.75
12m_19	190.904	9	86	304	252.647
12m_20	31.5612	8	23	44	34.8145
12m_21	161.362	3	63	265	219.416
12m_22	71.7603	14	47	102	85.2508
12m_23	23.8829	1	16	34	29.9622
12m_24	9.47699	1	2	6	18.3101
12m_25	308.901	2	45	524	476.088
12m_26	213.798	5	98	347	289.213
12m_27	216.343	3	72	349	311.481
12m_28	19.4578	1	6	29	27.5127
12m_29	185.58	3	54	308	268.693
12m_31	86.6238	6	53	133	103.55
12m_32	93.7347	5	56	144	115.271
12m_33	193.434	2	43	315	291.564
12m_34	18.004	1	10	27	22.0364
12m_35	62.1154	9	40	90	72.715
12m_36	119.925	6	66	181	156.884
12m_37	33.256	3	24	48	37.9962
12m_38	25.554	2	18	37	28.1225
12m_39	130.669	6	72	196	176.257
12m_40	59.302	12	40	83	69.154
12m_41	20.3646	1	11	31	25.6367
12m_42	85.9445	4	52	132	106.663
12m_43	71.9901	10	47	100	95.1766
12m_44	46.5656	12	32	66	50.9084
12m_45	65.8582	13	43	94	76.5649
12m_46	38.7574	10	26	53	44.927
12m_47	448.211	2	34	706	749.677
12m_48	38.1001	2	22	53	51.4508
12m_49	42.5838	2	26	61	54.8059
12m_50	13.8698	1	2	21	22.17
14a_04	82.0691	2	33	104	142.549
14a_06	138.114	4	51	183	229.786
14a_08	204.794	4	67	287	328.16
14a_10	183.941	3	64	262	290.899
14a_11	251.039	3	70	347	406.408
14a_13	370.086	2	84	528	586.911
14a_16	156.115	4	57	222	246.21
14a_18	147.115	4	59	204	232.677
14a_19	87.0659	2	35	119	144.537
14a_20	357.388	2	56	464	626.042
14a_22	327.487	2	73	486	529.237
14a_23	274.436	3	68	408	434.919
14a_24	142.676	5	58	210	219.392
14a_25	201.504	3	62	266	346.395
14a_26	151.116	12	66	210	229.12
14a_27	93.5497	4	40	124	155.959
14a_28	103.364	10	46	132	171.031
14a_30	250.178	2	72	333	426.38
14a_31	121.859	10	57	167	191.497
14a_37	448.095	2	58	622	749.417
14a_38	51.9003	2	25	71	90.5758
14a_40	218.08	3	67	284	375.909
14a_43	48.9976	2	25	66	72.2514
14a_44	153.403	5	58	204	246.56
14a_45	208.008	3	59	274	364.458
14a_47	100.585	6	45	130	174.608
14a_48	205.45	3	63	281	348.453
14a_49	180.201	3	59	252	301.379
14a_50	236.491	2	64	336	402.95
17a_01	155.304	2	119	235	179.07
17a_02	131.819	1	10	186	199.361
17a_03	562.421	1	112	878	854.719
17a_04	200.843	1	83	299	288.211
17a_05	110.501	1	59	164	142.202
17a_06	394.871	2	151	585	569.063
17a_07	10.8981	1	2	4	34.7719
17a_08	84.9994	1	9	148	118.521
17a_09	30.1978	1	1	4	68.8371
17a_10	276.275	2	139	410	373.031
17a_11	77.363	1	8	144	104.754
17a_12	123.534	1	80	179	152.776
17a_13	195.599	2	132	292	232.684
17a_14	579.422	1	136	852	891.262
17a_15	145.755	2	108	224	174.565
17a_16	333.384	2	143	502	460.933
17a_17	153.735	3	121	226	180.624
17a_18	313.337	2	153	447	434.847
17a_19	66.2369	1	4	131	97.0214
17a_20	231.74	2	140	345	288.656
17a_21	237.766	2	141	366	293.376
17a_22	300.436	1	131	459	413.365
17a_23	16.6348	1	1	2	53.8576
17a_24	87.3652	1	32	151	108.324
17a_25	150.422	1	98	223	195.904
17a_26	801.566	1	33	1129	1327.92
17a_27	608.258	1	138	839	958.538
17a_28	508.783	1	146	725	770.308
17a_29	489.26	1	154	762	685.524
17a_30	191.492	3	136	296	217.516
17a_31	306.652	1	112	457	446.816
17a_32	552.78	1	113	803	870.774
17a_33	172.165	2	118	263	221.941
17a_34	158.707	3	128	243	181.983
17a_35	343.591	2	151	495	484.538
17a_36	360.112	2	141	509	533.827
17a_37	191.023	2	113	291	250.933
17a_38	238.587	2	141	341	305.754
17a_39	402.056	2	167	588	553.765
17a_40	203.13	2	121	295	274.512
17a_41	249.436	2	131	355	339.826
17a_42	170.572	5	130	250	197.316
17a_43	142.205	1	98	193	185.896
17a_44	108.66	1	65	168	135.747
17a_45	550.748	1	136	802	853.003
17a_46	174.664	2	124	257	216.407
17a_47	623.315	1	154	833	1007.82
17a_48	113.342	2	94	164	128.443
17a_49	94.9336	1	21	157	124.096
17a_50	408.451	1	124	554	642.432
17b_01	314.076	1	120	445	474.998
17b_02	851.177	1	14	851	1643.74
17b_03	299.12	2	141	449	404.995
17b_04	542.359	1	115	729	883.732
17b_05	317.414	2	125	442	473.145
17b_06	529.855	1	139	712	844.761
17b_07	333.307	2	162	488	441.945
17b_08	622.2	1	129	787	1046.61
17b_09	331.17	2	128	448	508.02
17b_10	583.217	1	68	690	1040.5
17b_11	421.676	2	149	612	621.027
17b_12	127.411	1	21	179	192.932
17b_13	98.5854	1	32	153	134.709
17b_14	404.688	1	114	554	630.122
17b_15	108.349	1	74	165	126.403
17b_16	126.544	1	51	175	179.98
17b_17	193.083	2	125	291	246.489
17b_18	157.487	1	43	232	237.791
17b_19	171.048	2	106	254	226.675
17b_20	247.326	1	125	350	342.61
17b_21	78.2185	1	3	141	118.414
17b_22	82.757	1	11	149	110.991
17b_23	271.772	2	136	378	383.075
17b_24	276.219	1	119	372	420.835
17b_25	231.054	1	65	304	372.203
17b_26	249.481	1	116	337	367.18
17b_27	195.736	1	107	298	269.174
17b_28	11.2212	1	1	2	40.6179
17b_29	120.779	1	5	161	211.539
17b_30	33.5806	1	1	5	77.1268
17b_31	187.142	2	121	285	231.551
17b_32	456.395	1	85	532	828.624
17b_33	175.235	1	93	262	245.531
17b_34	188.675	1	87	275	271.143
17b_35	122.856	1	51	177	171.524
17b_36	24.0133	1	1	3	63.2386
17b_37	729.435	1	78	814	1347.49
17b_38	186.997	2	122	281	240.765
17b_39	149.09	2	104	230	189.986
17b_40	199.295	2	125	299	253.644
17b_41	333.366	2	141	450	494.694
17b_42	222.619	4	141	316	278.679
17b_43	553.273	1	73	631	1024.44
17b_44	403.926	1	128	557	634.148
17b_45	84.0384	1	2	142	136.836
17b_46	133.886	2	107	178	158.272
17b_47	140.743	1	63	205	194.618
17b_48	77.4585	1	7	147	101.542
17b_49	140.65	2	88	219	173.848
17b_50	203.06	1	32	282	333.52
17c_01	46.9071	1	2	52	91.3194
17c_02	59.2895	1	2	95	104.232
17c_03	71.4105	1	4	129	111.345
17c_04	22.3872	1	2	4	64.7364
17c_05	18.0645	1	2	3	58.0842
17c_06	165.355	1	73	233	255.184
17c_07	77.9711	1	4	122	140.244
17c_08	46.4159	1	1	41	91.1604
17c_09	98.5734	1	33	153	142.596
17c_10	41.5872	1	2	19	90.1864
17c_11	146.471	2	90	217	215.354
17c_12	185.082	2	115	264	260.988
17c_13	123.936	1	73	182	169.62
17c_14	274.247	2	122	403	411.775
17c_15	82.9239	1	7	140	122.03
17c_16	93.6468	1	10	146	150.186
17c_17	165.438	1	97	241	237.282
17c_18	178.695	2	111	253	260.473
17c_19	47.1343	1	2	52	91.6359
17c_20	237.147	2	136	333	324.489
17c_21	280.545	1	100	399	458.659
17c_22	201.031	1	50	281	338.877
17c_23	160.585	1	90	236	233.225
17c_24	192.13	2	106	284	277.005
17c_25	280.833	2	113	348	481.936
17c_26	402.091	2	139	562	643.859
17c_27	662.317	1	56	930	1110.56
17c_28	259.021	2	127	394	361.588
17c_29	381.567	1	116	557	611.798
17c_30	52.4946	1	1	46	115.008
17c_31	247.884	1	66	344	417.984
17c_32	81.6936	1	6	134	131.132
17c_33	279.626	1	118	400	422.837
17c_34	127.137	1	52	177	187.985
17c_35	148.854	2	42	222	224.947
17c_36	383.659	1	121	539	615.447
17c_37	414.219	1	103	559	692.374
17c_38	202.065	1	111	284	307.766
17c_39	582.6	1	71	726	1049.13
17c_40	206.461	1	108	296	309.311
17c_41	129.839	1	71	198	178.871
17c_42	149.798	2	108	226	190.295
17c_43	279.918	2	141	405	413.666
17c_44	347.523	2	131	500	537.757
17c_45	167.259	1	32	248	275.407
17c_46	152.192	1	87	220	234.094
17c_47	97.6693	1	3	150	167.194
17c_48	165.648	1	98	243	242.719
17c_49	123.369	1	56	183	173.861
17c_50	523.835	1	110	736	862.735
18a_01	101.02	1	51	161	124.146
18a_02	9.1611	1	1	2	36.1544
18a_03	102.63	1	23	160	139.914
18a_04	16.6451	1	1	3	52.2011
18a_05	4.79017	1	1	2	26.296
18a_06	172.577	1	81	258	246.031
18a_07	16.1408	1	2	5	48.8622
18a_08	17.7341	1	1	2	54.4664
18a_09	74.1449	1	3	138	105.408
18a_10	34.1532	1	2	4	78.763
18a_11	61.335	1	2	113	109.447
18a_12	146.356	1	53	220	209.592
18a_13	113.474	1	79	165	138.06
18a_14	54.8413	1	2	89	99.3748
18a_15	42.3441	1	1	43	82.261
18a_16	161.702	1	79	253	221.59
18a_17	89.1187	1	22	153	115.421
18a_18	226.402	2	131	316	301.786
18a_19	16.8981	1	1	2	49.4774
18a_21	264.169	2	146	382	341.176
18a_22	497.594	1	138	650	808.273
18a_23	901.981	1	32	1126	1586.62
18a_24	131.452	1	73	177	184.138
18a_25	140.893	3	116	196	161.81
18a_26	265.361	2	140	399	348.609
18a_27	148.315	1	70	224	208.339
18a_28	957.144	1	16	1144	1727.79
18a_29	83.651	1	5	143	120.968
18a_30	207.853	1	94	300	304.923
18a_31	97.5971	1	44	159	123.92
18a_32	7.18491	1	2	5	20.5895
18a_33	23.3185	1	1	2	65.8399
18a_34	390.586	2	156	551	563.369
18a_35	199.427	2	125	292	253.609
18a_36	116.995	1	58	169	157.537
18a_37	266.385	2	141	394	351.688
18a_38	423.55	1	134	572	666.174
18a_39	270.408	3	155	397	331.986
18a_40	514.176	1	141	691	817.387
18a_42	535.785	1	139	750	836.233
18a_43	106.124	1	16	167	151.98
18a_44	104.744	1	76	158	122.198
18a_46	209.917	2	134	306	259.534
18a_48	166.318	2	112	250	208.288
18a_49	261.959	1	110	350	397.26
18a_50	114.105	1	42	174	150.216
18b_02	122.155	10	62	177	168.317
18b_03	142.268	2	33	179	268.33
18b_04	299.641	2	56	431	491.093
18b_06	432.647	1	35	534	779.285
18b_07	369.433	2	51	540	610.72
18b_08	460.946	2	52	674	762.89
18b_09	120.869	4	50	161	204.29
18b_10	428.872	2	45	625	716.065
18b_11	205.986	6	85	324	297.584
18b_12	160.843	6	68	233	231.677
18b_13	298.639	2	67	449	466.703
18b_15	395.412	2	73	536	660.919
18b_16	335.344	3	76	480	546.458
18b_17	272.94	2	65	371	464.642
18b_18	196.936	3	66	307	283.389
18b_19	568.37	2	42	736	1002.3
18b_20	362.626	3	65	470	624.622
18b_21	409.516	2	57	567	689.604
18b_22	535.896	1	34	687	960.509
18b_23	298.819	2	59	403	513.327
18b_24	307.712	2	59	448	512.606
18b_26	324.307	2	56	434	561.797
18b_27	567.184	2	31	593	1095.95
18b_30	208.895	4	71	315	306.422
18b_31	194.552	2	55	278	321.594
18b_32	895.792	1	14	528	1883.32
18b_33	389.668	2	63	565	639.936
18b_35	306.951	2	59	446	505.258
18b_37	353.536	2	58	515	570.648
18b_39	527.29	1	31	643	970.043
18b_40	394.597	2	44	532	689.004
18b_42	402.934	2	53	578	673.44
18b_45	237.85	6	79	346	360.548
18b_46	244.911	6	73	353	374.724
18b_47	180.467	4	66	260	274.153
18b_48	92.6681	14	52	127	125.838
18b_49	125.958	5	52	173	188.775
18c_100	215.439	4	95	338	290.252
18c_51	2.81537	1	1	2	6.43534
18c_52	41.3653	3	26	58	49.1933
18c_53	42.3018	3	26	60	52.4977
18c_54	62.0319	8	41	89	73.8194
18c_55	294.514	2	93	490	413.45
18c_56	252.647	2	73	425	356.483
18c_57	8.8557	1	2	7	15.6455
18c_58	28.9149	2	17	43	36.7248
18c_59	12.1749	1	2	18	19.8689
18c_60	147.372	8	91	225	176.399
18c_61	70.3907	18	49	101	75.1628
18c_62	12.851	1	2	20	21.1958
18c_63	91.1071	13	60	137	105.54
18c_64	43.6452	9	31	63	46.1928
18c_65	51.8328	10	36	75	57.0732
18c_66	160.076	3	80	243	213.017
18c_67	16.5639	1	6	26	21.8583
18c_68	156.624	7	88	239	196.202
18c_70	100.59	19	68	147	112.014
18c_71	133.338	7	76	201	167.701
18c_72	29.8059	1	15	43	43.1679
18c_73	162.464	8	87	248	212.475
18c_74	7.14762	1	1	3	14.2671
18c_75	45.5786	4	28	65	58.8583
18c_76	55.0368	8	35	78	67.3311
18c_77	58.6208	8	38	83	72.2921
18c_78	101.824	8	56	152	129.38
18c_79	234.957	3	57	347	375.589
18c_81	321.179	2	59	510	495.178
18c_82	27.3312	1	18	40	33.5402
18c_83	46.9722	3	24	69	61.8762
18c_84	66.5203	3	39	97	83.5446
18c_85	52.2205	10	36	73	60.1673
18c_86	95.9379	18	64	142	106.232
18c_87	94.206	12	57	138	113.716
18c_88	65.1757	6	39	94	82.0778
18c_89	209.521	5	94	309	299.119
18c_90	36.4807	9	26	51	38.4948
18c_91	79.8881	14	52	117	93.2978
18c_92	51.0206	5	30	72	66.5906
18c_94	129.714	4	65	197	173.64
18c_95	73.8828	16	48	105	84.7404
18c_96	2.11847	1	1	2	4.90288
18c_97	77.7056	7	48	112	99.1833
18c_98	421.34	2	54	683	652.093
18c_99	38.8487	10	27	54	41.7297
19a_01	189.105	2	116	268	281.973
19a_02	264.405	1	124	370	410.056
19a_03	564.633	1	118	828	896.052
19a_04	529.131	1	91	725	895.85
19a_05	87.3527	1	3	138	145.442
19a_06	184.521	1	40	270	309.499
19a_07	607.457	1	92	791	1056.6
19a_08	139.328	1	92	199	193.907
19a_09	96.7866	1	62	148	116.991
19a_10	123.867	1	55	181	179.511
19a_11	241.801	2	120	338	359.158
19a_12	557.431	1	114	760	933.108
19a_13	259.08	1	116	380	395.605
19a_14	261.425	2	121	368	414.258
19a_15	355.19	1	124	548	526.86
19a_16	111.583	1	20	160	179.795
19a_17	117.861	1	61	171	163.386
19a_18	199.707	1	102	277	316.887
19a_19	63.9341	1	2	108	113.31
19a_20	188.521	2	99	272	290.847
19a_21	60.1851	1	2	98	111.915
19a_22	208.609	2	125	294	320.318
19a_23	132.861	1	6	183	228.574
19a_24	59.2533	1	2	42	137.73
19a_25	129.573	1	61	176	205.209
19a_26	191.903	1	115	273	283.601
19a_27	446.888	1	93	595	772.683
19a_28	132.725	1	64	196	193.247
19a_29	135.991	1	10	188	228.892
19a_30	41.566	1	2	6	105.407
19a_31	162.288	1	8	210	326.602
19a_32	133.254	1	90	186	183.209
19a_33	58.9628	1	2	107	98.1027
19a_34	146.816	1	109	220	185.077
19a_35	101.234	1	8	154	161.436
19a_36	99.7845	1	7	151	151.036
19a_37	124.861	1	57	173	198.45
19a_38	270.829	1	125	372	428.144
19a_39	220.36	2	111	302	346.85
19a_40	61.074	1	2	100	110.277
19a_41	9.40878	1	1	2	41.8265
19a_42	9.05216	1	1	2	40.2408
19a_43	41.7137	1	1	32	86.0503
19a_44	157.339	1	116	227	212.642
19a_45	70.9171	1	2	120	123.27
19a_46	184.928	1	85	261	286.272
19a_47	50.5222	1	2	18	114.864
19a_48	6.49466	1	1	2	27.0373
19a_49	17.0895	1	1	2	62.0888
19a_50	145.834	1	6	216	253.663
19b_01	198.786	2	76	299	294.851
19b_02	171.104	4	81	236	247.241
19b_03	90.6436	6	54	129	114.548
19b_04	80.5281	4	48	109	108.683
19b_05	39.9871	1	27	57	50.2739
19b_06	195.408	3	81	286	283.659
19b_08	32.0574	1	6	50	47.8639
19b_09	352.15	2	96	529	530.267
19b_11	76.368	7	49	103	94.7758
19b_13	235.317	4	95	334	363.433
19b_14	103.3	9	63	147	129.955
19b_15	99.0551	4	57	142	123.867
19b_16	297.566	2	102	475	422.999
19b_19	178.481	5	92	260	241.996
19b_20	58.5593	2	41	83	74.5019
19b_21	240.169	3	76	336	396.813
19b_23	61.6948	2	41	88	79.1009
19b_25	107.497	6	64	153	135.831
19b_26	207.557	2	86	308	311.553
19b_29	5.36003	1	1	2	17.9408
19b_30	136.212	7	74	191	187.638
19b_31	91.6595	2	44	125	140.257
19b_32	367.9	2	80	546	596.328
19b_33	123.493	11	75	174	164.481
19b_34	293.144	2	70	425	470.766
19b_35	245.611	3	103	358	356.935
19b_36	132.473	3	62	186	194.981
19b_37	31.333	1	11	47	43.052
19b_38	61.9878	2	40	90	83.7334
19b_39	253.093	2	82	333	423.754
19b_40	175.531	5	96	258	243.183
19b_42	6.31098	1	1	2	18.8166
19b_43	182.914	4	83	264	257.838
19b_44	106.52	3	52	149	156.067
19b_45	98.7233	3	52	135	139.368
19b_46	125.517	5	76	182	166.378
19b_47	290.252	3	89	418	464.047
19b_48	80.9855	5	50	114	100.33
19b_50	358.748	2	70	552	566.113
19cd_01	35.7482	1	22	51	51.7281
19cd_02	829.41	1	18	822	1644.11
19cd_04	805.112	1	26	972	1493.75
19cd_05	154.053	9	84	221	199.7
19cd_07	138.718	17	84	201	173.655
19cd_08	41.6168	1	20	59	58.1384
19cd_09	635.692	1	38	787	1181.1
19cd_10	416.369	2	65	649	659.618
19cd_11	377.523	2	80	542	618.357
19cd_12	364.498	1	48	555	599.515
19cd_13	375.811	2	71	555	618.195
19cd_15	42.2238	1	29	57	55.9147
19cd_19	50.2591	2	39	73	58.6836
19cd_20	85.0685	3	54	121	103.1
19cd_21	402.629	2	83	599	645.304
19cd_23	41.7286	2	29	59	51.3062
19cd_24	66.6824	9	46	92	79.2724
19cd_25	122.345	5	67	176	164.351
19cd_26	323.756	2	94	481	509.448
19cd_27	221.231	5	95	321	315.252
19cd_28	205.787	5	109	317	265.451
19cd_29	48.6512	2	34	69	63.5912
19cd_30	253.172	2	80	369	392.048
19cd_31	278.699	2	104	438	399.697
19cd_32	81.8539	10	52	112	103.594
19cd_33	67.4767	2	42	94	90.4156
19cd_34	250.012	2	89	360	377.458
19cd_35	151.644	4	72	200	228.12
19cd_36	91.0773	4	52	126	126.118
19cd_37	57.661	2	34	84	82.4549
19cd_38	295.668	2	81	426	465.586
19cd_39	127.187	4	70	181	172.054
19cd_40	188.175	4	92	278	268.244
19cd_41	175.596	2	57	252	272.929
19cd_42	25.1944	1	2	42	39.7897
19cd_45	275.249	3	90	391	435.545
19cd_47	98.4581	6	55	135	129.338
19cd_48	182.546	8	88	252	269.619
19cd_49	80.9437	7	50	110	101.898
19cd_50	264.657	4	99	368	410.999
20a_03	98.6768	3	44	138	144.863
20a_06	75.5574	3	38	106	106.912
20a_09	56.3105	3	31	79	76.4979
20a_12	70.9184	5	35	94	101.711
20a_13	35.1438	1	17	48	52.643
20a_14	4.70616	1	1	2	11.794
20a_15	60.0495	2	31	80	86.5298
20a_18	60.4072	3	31	77	90.322
20a_30	136.92	3	44	175	228.012
20a_31	21.2778	1	6	29	33.1833
20a_37	38.7086	1	16	52	60.4123
20a_38	10.8218	1	2	7	21.5436
20a_41	14.8949	2	5	18	24.281
20a_43	4.83361	1	1	2	11.604
20a_47	245.759	2	41	251	502.333
20a_48	50.2636	2	28	68	78.3333
23p_10	37.5379	2	20	51	58.8209
23p_21	10.1523	1	2	8	20.1069
23p_45	128.985	7	51	167	225.569
23p_46	126.649	2	42	169	215.366
23p_47	81.0439	2	27	99	159.703
23p_51	340.015	2	43	391	641.029
23p_55	96.9974	2	25	115	188.995
23p_57	127.709	4	51	175	201.372
23p_59	177.802	2	48	212	330.716
23p_60	147.705	6	54	192	241.155
23p_61	109.447	2	39	137	201.608
23p_62	181.932	4	53	224	329.348
23p_63	226.408	3	61	314	375.826
23p_64	293.95	2	52	329	569.829
23p_65	287.27	4	66	399	468.296
23p_66	133.969	2	41	173	250.218
23p_67	78.9312	2	31	101	141.31
23p_68	126.813	5	44	153	247.979
23p_69	137.529	8	54	187	241.58
23p_70	221.635	3	56	275	409.373
23p_71	270.655	2	45	306	523.162
23p_72	179.075	3	51	254	288.684
23p_73	279.02	3	54	345	493.106
23p_74	253.936	2	62	331	445.376
23p_75	144.375	2	42	163	287.993
23p_76	287.493	2	57	364	513.907
23p_77	287.387	2	41	314	563.451
23p_78	112.218	2	37	147	201.787
23p_79	286.737	2	54	366	512.237
23p_80	110.436	6	50	146	169.96
23p_81	274.85	2	48	332	503.938
23p_82	106.644	3	38	135	195.638
23p_83	151.495	2	40	181	291.532
23p_84	194.19	6	59	241	341.747
23p_85	152.249	3	50	195	278.513
23p_86	125.047	7	53	178	194.73
23p_87	182.644	3	49	216	360.788
23p_88	219.762	6	68	288	382.426
23p_89	311.405	2	53	352	587.75
23p_90	218.633	2	48	277	390.319
23p_91	119.17	7	47	144	220.664
23p_92	114.642	10	48	152	179.992
23p_93	146.651	4	49	177	270.466
23p_94	154.422	6	54	200	260.526
23p_95	347.712	2	58	389	660.048
23p_96	151.416	9	58	192	273.639
23p_97	218.578	2	55	273	388.012
25c_01	187.626	5	85	258	292.423
25c_02	151.34	14	82	209	210.92
25c_09	344.34	2	99	505	545.595
25c_10	344.829	2	88	487	556.618
25c_11	373.895	2	112	541	575.129
25c_13	462.26	2	76	692	744.187
25c_14	124.059	2	55	176	187.175
25c_20	127.151	9	70	174	175.741
25c_21	68.0889	3	44	96	86.3893
25c_22	260.404	3	101	380	382.576
25c_24	246.393	5	111	358	354.289
25c_27	182.265	8	96	260	258.854
25c_29	159.05	8	88	232	207.074
25c_30	212.133	3	97	309	303.136
25c_32	131.56	14	82	192	163.027
25c_35	219.018	3	104	326	298.137
25c_39	166.886	11	84	232	252.673
25c_40	186.652	5	79	247	301.861
25c_44	101.447	15	61	140	135.101
25c_45	219.482	4	102	318	323.948
25c_50	91.2094	3	54	126	124.983
25c_52	307.974	3	116	460	468.893
25c_53	56.9614	2	41	80	70.0226
25c_55	316.915	2	81	492	489.214
25c_57	270.865	2	81	410	417.92
25c_60	276.191	3	96	381	446.788
25c_64	346.826	2	93	538	527.101
25c_65	377.315	2	90	594	572.13
25c_72	196.706	4	77	266	325.82
25c_76	56.916	3	40	82	70.9004
25c_77	212.769	2	69	302	340.071
25c_78	244.362	2	80	360	373.014
25c_79	107.574	6	57	145	162.657
25c_81	341.854	2	89	525	520.035
25c_82	440.133	2	86	666	702.613
25c_83	370.214	2	78	565	581.26
25c_84	298.995	2	82	484	444.604
25c_91	134.243	17	80	192	171.385
25c_92	361.46	2	81	542	569.231
25c_93	161.608	10	75	209	266.318
26b_02	340.117	2	86	484	549.882
26b_03	187.648	12	93	270	263.217
26b_04	138.859	14	79	192	190.194
26b_05	94.7598	5	55	131	126.897
26b_06	343.294	1	64	494	566.533
26b_07	185.098	5	88	261	280.645
26b_08	183.943	4	82	259	268.33
26b_09	421.583	2	77	613	686.543
26b_10	356.327	2	87	498	601.646
26b_11	4.14262	1	1	2	15.0558
26b_12	423.016	2	73	568	730.269
26b_13	671.926	1	32	817	1248.72
26b_15	99.7854	9	56	139	131.842
26b_16	171.907	3	87	250	236.558
26b_17	1007.63	1	12	991	1947.9
26b_18	635.845	1	52	986	1041.16
26b_19	410.301	2	100	562	666.323
26b_20	342.953	2	108	519	519.166
26b_21	538.982	2	64	720	936.863
26b_22	421.387	1	50	615	714.249
26b_23	319.343	2	112	499	459.714
26b_24	417.657	2	76	621	670.13
26b_25	361.351	2	92	544	569.194
26b_27	439.097	2	98	685	675.879
26b_28	244.176	3	114	362	354.186
26b_30	530.548	1	53	790	887.049
26b_31	318.72	2	107	510	461.655
26b_32	368.349	2	94	580	556.664
26b_33	317.651	2	102	508	447.79
26b_36	289.348	2	85	439	441.571
26b_37	562.038	1	47	871	921.531
26b_39	348.896	2	83	537	545.51
26b_40	680.077	1	34	816	1268.06
26b_41	458.397	2	82	676	739.152
26b_42	652.056	1	40	907	1143.16
26b_43	392.1	2	86	606	602.501
26b_44	277.044	2	83	429	415.223
26b_45	317.792	2	76	489	493.142
26b_46	550.144	1	40	700	1004.11
26b_47	346.157	2	86	526	543.465
26b_49	386.728	2	76	565	628.353
26c_01	80.6961	3	48	110	109.514
26c_02	79.3888	9	49	105	105.031
26c_03	87.4071	10	51	119	115.789
26c_04	68.8873	2	39	94	95.5039
26c_05	45.4014	1	19	63	66.3571
26c_06	138.52	10	77	194	196.002
26c_07	26.9767	2	5	35	48.8896
26c_08	38.2547	1	18	53	55.8385
26c_09	96.8084	5	54	133	133.094
26c_12	66.1522	2	41	93	88.5058
26c_13	142.313	6	74	197	200.318
26c_14	121.077	4	63	168	171.574
26c_15	115.21	8	69	164	151.506
26c_16	97.374	5	55	134	136.408
26c_17	35.2594	1	20	50	50.3474
26c_18	40.62	1	21	58	56.724
26c_19	86.1529	8	54	116	106.184
26c_20	102.538	7	60	141	132.171
26c_22	59.2211	3	43	83	71.0937
26c_23	159.115	6	80	226	225.003
26c_24	144.826	3	77	208	197.807
26c_25	194.834	3	90	274	292.6
26c_26	117.23	3	62	161	160.138
26c_27	88.4291	2	46	118	129.478
26c_28	242.009	3	89	334	381.644
26c_29	241.514	6	107	357	349.997
26c_36	249.275	4	97	348	394.688
26c_37	106.355	2	56	150	147.902
26c_38	156.712	3	74	214	246.376
26c_39	38.4488	1	13	56	55.4947
26c_40	106.313	2	44	148	170.614
26c_41	63.4052	2	39	91	86.0119
26c_42	152.247	7	76	209	222.618
26c_43	132.592	6	69	180	191.865
26c_44	137.699	3	69	192	197.289
26c_45	193.161	9	96	273	287.79
26c_47	123.197	6	63	171	176.198
26c_48	126.468	18	73	179	166.406
26c_49	181.444	4	79	244	292.253
26c_50	118.529	3	56	156	185.585
27a_01	189.931	2	59	293	277.976
27a_02	196.716	6	110	326	237.33
27a_03	196.389	5	90	309	267.296
27a_04	478.528	2	34	761	779.054
27a_05	457.886	2	41	707	746.342
27a_06	67.3987	15	47	98	71.6229
27a_07	132.472	3	66	217	165.985
27a_08	654.618	1	18	824	1212.52
27a_09	152.639	9	89	239	185.125
27a_10	59.8519	14	43	86	62.4408
27a_11	100.436	14	64	146	120.81
27a_12	223.617	2	74	377	305.696
27a_13	165.221	4	81	256	218.523
27a_15	159.826	6	87	253	197.847
27a_16	204.623	7	112	325	254.58
27a_17	204.307	6	74	344	274.614
27a_18	398.44	2	27	575	696.748
27a_19	28.0868	2	19	40	34.1029
27a_20	29.3082	2	20	41	35.4045
27a_21	28.2834	2	20	42	32.3163
27a_22	60.7754	6	37	88	74.3
27a_23	101.907	16	68	154	115.808
27a_24	198.02	5	83	316	268.355
27a_25	110.865	3	62	167	142.228
27a_26	177.499	3	83	269	239.697
27a_27	251.88	5	76	417	346.205
27a_28	170.621	4	83	273	221.275
27a_29	658.414	1	22	750	1239.85
27a_30	35.2046	7	25	50	38.8577
27a_31	50.6158	2	27	71	71.03
27a_32	89.1402	2	44	137	117.663
27a_33	57.4082	2	26	81	84.0968
27a_34	50.8695	14	35	71	54.7948
27a_35	31.9727	4	23	45	35.1702
27a_36	47.7685	7	32	66	56.7097
27a_37	154.587	8	87	239	192.997
27a_38	100.18	6	54	141	146.311
27a_39	182.48	7	102	289	225.411
27a_40	58.9399	13	41	84	64.6654
27a_41	175.851	4	82	267	236.335
27a_42	18.8891	1	8	28	25.0705
27a_43	16.24	1	2	25	24.3466
27a_44	81.5491	7	52	122	96.8412
27a_45	105.343	16	69	157	121.387
27a_46	93.8784	15	61	135	110.213
27a_47	180.175	5	83	281	239.98
27a_48	277.756	3	80	441	408.395
27a_49	29.5474	1	17	45	37.9211
27a_50	68.5554	3	38	103	87.1543
27b_01	289.677	3	94	406	461.651
27b_04	362.519	2	78	474	630.357
27b_06	309.122	2	88	402	525.372
27b_10	310.364	2	91	426	506.068
27b_11	204.581	11	88	278	312.273
27b_14	218.249	6	93	298	349.229
27b_15	181.665	9	86	247	271.689
27b_16	245.738	2	85	330	390.524
27b_18	173.317	4	76	241	275.486
27b_19	333.438	2	79	428	581.819
27b_20	308.846	4	104	413	503.625
27b_21	236.13	4	86	305	399.658
27b_22	176.795	2	65	232	299.138
27b_24	170.847	2	62	226	280.968
27b_35	345.44	2	80	489	558.231
27b_37	264.83	3	114	409	365.293
27b_38	79.3007	2	45	106	113.298
27b_40	168.986	4	88	252	224.362
27b_42	73.5637	7	48	102	87.266
27b_43	77.0326	11	50	108	88.0827
27b_48	115.222	5	61	158	155.772
27b_49	52.0232	2	38	76	62.1885
