sample	n_loci	n_used_fw_reads	mean_cov	mean_cov_ns
01b_01	2232	44571	19.969	21.524
01b_02	3944	1477319	374.574	473.676
01b_03	3756	671515	178.785	217.149
01b_04	1149	11117	9.675	10.162
01b_05	4222	887801	210.280	265.059
01b_06	4531	2466508	544.363	737.868
01b_07	3678	47355	12.875	15.482
01b_08	3723	691448	185.723	226.795
01b_09	3495	329770	94.355	107.506
01b_10	4247	1859721	437.891	562.244
01b_11	1551	43183	27.842	29.787
01b_12	4243	1823894	429.860	556.583
01b_13	2784	106806	38.364	44.797
01b_14	3874	1064475	274.774	340.314
01b_15	1319	34672	26.287	27.797
01b_16	4252	1690891	397.670	509.498
01b_17	3703	403851	109.060	130.868
01b_18	3442	298205	86.637	99.644
01b_19	4219	1628878	386.082	491.513
01b_20	4037	1095005	271.242	337.305
01b_21	2294	68599	29.904	34.205
01b_22	3800	523128	137.665	169.447
01b_23	3549	350125	98.655	114.266
01b_24	3942	629017	159.568	194.564
01b_25	4098	1954603	476.965	587.323
01b_26	2469	105586	42.765	46.927
01b_27	4004	1001166	250.041	307.311
01b_28	4138	873030	210.979	265.106
01b_29	4688	5299213	1130.378	1553.364
01b_30	3996	613831	153.611	188.635
01b_31	4039	613120	151.800	186.317
01b_32	4133	1651185	399.512	498.675
01b_33	4340	2030216	467.792	605.612
01b_34	2571	124073	48.259	52.556
01b_35	2759	121184	43.923	50.385
01b_36	4611	2335973	506.609	703.340
01b_37	1517	37272	24.570	27.740
01b_38	600	12548	20.913	22.096
01b_39	4005	1124819	280.854	340.708
01b_40	4305	1073683	249.404	326.867
01b_41	3509	306837	87.443	102.393
01b_42	3523	328681	93.296	107.759
01b_43	3238	277484	85.696	97.831
01b_44	1439	30636	21.290	23.841
01b_45	4376	1529030	349.413	469.272
01b_46	394	3884	9.858	11.643
01b_47	5317	27144971	5105.317	7913.182
01b_48	5362	25238904	4706.994	7261.512
04b_01	406	563	1.387	1.306
04b_03	643	12344	19.198	20.713
04b_05	821	2721	3.314	3.474
04b_07	1101	17904	16.262	17.554
04b_11	1272	32609	25.636	27.328
04b_15	1086	9568	8.810	9.553
04b_16	458	1446	3.157	3.298
04b_20	1251	5892	4.710	5.116
04b_23	923	1308	1.417	1.400
04b_47	2290	286353	125.045	143.644
04b_48	805	6167	7.661	8.575
04b_49	1346	13758	10.221	11.257
04b_50	1028	2368	2.304	2.397
05abc_01	3213	724507	225.492	261.514
05abc_02	1947	178922	91.896	100.518
05abc_04	3119	849700	272.427	317.422
05abc_05	3665	1516711	413.837	503.377
05abc_06	3467	1185528	341.946	417.260
05abc_07	515	4337	8.421	9.072
05abc_08	3668	1733256	472.534	574.935
05abc_09	2689	440623	163.861	187.174
05abc_10	3469	995764	287.046	333.201
05abc_11	408	981	2.404	2.452
05abc_12	3038	1308014	430.551	515.240
05abc_13	3924	2643004	673.548	835.007
05abc_14	1106	30058	27.177	28.831
05abc_15	2523	237960	94.316	105.074
05abc_16	3517	436786	124.193	152.989
05abc_17	2546	248810	97.726	110.412
05abc_18	3500	995121	284.320	331.534
05abc_19	3109	645694	207.685	239.717
05abc_20	2028	197852	97.560	107.702
05abc_21	3039	554320	182.402	214.792
05abc_23	2489	215071	86.409	93.423
05abc_24	1267	55909	44.127	48.601
05abc_25	3284	559456	170.358	199.958
05abc_26	712	1103	1.549	1.445
05abc_27	1680	100900	60.060	63.704
05abc_29	2991	650047	217.334	250.674
05abc_30	3306	883494	267.240	315.361
05abc_31	3627	1798935	495.984	599.704
05abc_32	2984	396359	132.828	150.383
05abc_33	2950	353098	119.694	136.833
05abc_34	3319	921012	277.497	326.967
05abc_35	2713	241077	88.860	99.961
05abc_36	1802	81545	45.252	49.566
05abc_37	2246	148664	66.191	72.514
05abc_38	2213	165352	74.718	85.179
05abc_39	2838	360420	126.998	142.773
05abc_40	923	10735	11.631	12.879
05abc_41	3523	1942431	551.357	686.275
05abc_42	3098	73907	23.856	28.645
05abc_43	1313	39234	29.881	32.452
05abc_44	2079	145538	70.004	78.710
05abc_45	1195	42489	35.556	38.364
05abc_46	2913	506105	173.740	202.068
05abc_47	805	10761	13.368	14.083
05abc_48	1612	82412	51.124	56.310
05abc_49	1166	31351	26.888	29.777
05abc_50	1676	88298	52.684	58.367
06a_01	3429	311732	90.910	107.200
06a_02	3572	338371	94.729	115.886
06a_03	3293	265503	80.626	94.959
06a_04	3209	161463	50.316	60.089
06a_05	3332	153160	45.966	56.474
06a_06	3977	1124821	282.832	357.615
06a_07	3628	283867	78.243	96.685
06a_08	3441	357171	103.799	122.914
06a_09	3093	200099	64.694	75.194
06a_10	3683	510776	138.685	168.637
06a_11	2984	183901	61.629	71.819
06a_12	3931	1039526	264.443	330.384
06a_13	3764	668960	177.726	218.147
06a_14	3982	1118607	280.916	356.431
06a_15	2421	110521	45.651	50.122
06a_16	3792	413771	109.117	134.284
06a_17	1863	30812	16.539	20.126
06a_18	2634	140457	53.325	59.953
06a_19	1861	62462	33.564	35.644
06a_20	3484	361385	103.727	122.196
06a_21	4223	1413667	334.754	439.015
06a_22	3891	909400	233.719	289.197
06a_23	3148	186889	59.368	69.328
06a_24	3500	360833	103.095	123.906
06a_26	3682	433567	117.753	140.740
06a_27	3633	458766	126.277	147.903
06a_28	4264	1507812	353.614	460.885
06a_29	3127	106441	34.039	40.936
06a_30	3870	960927	248.302	299.814
06a_31	1685	37517	22.265	23.907
06a_33	3959	672527	169.873	211.501
06a_34	4163	1539906	369.903	471.018
06a_35	3349	271173	80.971	94.218
06a_36	3745	552428	147.511	179.656
06a_37	3141	228175	72.644	84.321
06a_38	2569	99874	38.877	44.432
06a_39	4459	2665675	597.819	805.316
06a_40	2247	104846	46.660	50.807
06a_41	4012	1048622	261.371	329.776
06a_42	4653	2847873	612.051	855.734
06a_43	3598	427429	118.796	141.423
06a_44	3060	212574	69.469	78.028
06a_45	3320	332340	100.102	114.528
06a_46	3595	346323	96.335	115.177
06a_47	4054	1098461	270.957	335.546
06a_48	3490	357035	102.302	121.969
06a_49	3421	241884	70.706	83.053
06a_50	3922	690992	176.184	222.214
06c_01	3188	1082937	339.692	457.095
06c_02	3635	1004433	276.323	376.877
06c_03	1594	226523	142.110	162.606
06c_04	1819	171181	94.107	117.088
06c_05	2565	24692	9.627	11.528
06c_06	1722	8610	5.000	5.826
06c_07	1066	76488	71.752	91.310
06c_08	2071	370086	178.699	228.214
06c_09	3409	1875386	550.128	723.426
06c_10	2256	295797	131.116	172.928
06c_100	3612	2186936	605.464	753.648
06c_11	862	76383	88.611	105.949
06c_12	1041	56194	53.981	66.187
06c_13	1806	328904	182.117	219.785
06c_14	1434	2696	1.880	1.658
06c_15	213	5019	23.563	32.223
06c_16	479	24985	52.161	62.521
06c_17	1971	347922	176.521	221.323
06c_18	2151	189153	87.937	114.017
06c_19	1963	117304	59.758	75.323
06c_20	2284	178856	78.308	103.675
06c_21	571	5649	9.893	9.988
06c_22	261	1839	7.046	9.002
06c_23	528	1110	2.102	1.860
06c_24	1333	5856	4.393	4.977
06c_25	2496	225631	90.397	120.542
06c_29	1229	62866	51.152	62.267
06c_30	1302	90357	69.399	83.920
06c_31	2691	498518	185.254	249.899
06c_32	3379	40177	11.890	15.658
06c_33	1088	18099	16.635	20.142
06c_34	795	12548	15.784	18.738
06c_35	585	3279	5.605	7.174
06c_37	1348	157134	116.568	142.011
06c_38	709	16664	23.504	31.789
06c_39	1162	73669	63.398	76.975
06c_40	764	34802	45.552	55.368
06c_41	1408	6858	4.871	5.915
06c_42	775	14826	19.130	23.970
06c_43	312	1174	3.763	2.864
06c_44	612	10219	16.698	19.257
06c_45	1448	89068	61.511	80.579
06c_46	887	6921	7.803	9.463
06c_47	1386	14886	10.740	12.635
06c_48	878	2050	2.335	2.228
06c_49	1012	5437	5.373	5.838
06c_50	101	156	1.545	1.202
06c_51	3003	93810	31.239	36.989
06c_52	1419	8688	6.123	6.546
06c_53	443	29722	67.093	73.542
06c_54	1056	122741	116.232	123.773
06c_55	1558	295175	189.458	206.587
06c_56	1574	180922	114.944	127.008
06c_57	267	4151	15.547	17.381
06c_58	759	31999	42.159	45.102
06c_59	1100	40742	37.038	40.633
06c_60	390	770	1.974	1.259
06c_61	174	254	1.460	1.482
06c_62	306	8619	28.167	30.728
06c_63	1247	132800	106.496	116.377
06c_65	2100	343406	163.527	185.671
06c_66	831	14487	17.433	18.938
06c_68	1088	79097	72.699	78.480
06c_69	1256	17880	14.236	15.859
06c_70	812	4467	5.501	5.697
06c_71	580	7575	13.060	15.544
06c_72	830	3994	4.812	5.261
06c_73	849	18925	22.291	23.963
06c_74	663	9397	14.173	15.107
06c_75	1379	40268	29.201	31.464
06c_76	2251	158958	70.617	81.533
06c_77	3194	37934	11.877	14.062
06c_78	366	818	2.235	2.293
06c_79	351	1277	3.638	3.315
06c_80	229	1031	4.502	4.976
06c_81	416	9744	23.423	26.085
06c_82	467	625	1.338	1.282
06c_83	613	2377	3.878	4.121
06c_84	572	1804	3.154	3.114
06c_85	596	909	1.525	1.534
06c_86	229	565	2.467	2.525
06c_87	322	407	1.264	1.241
06c_88	426	733	1.721	1.525
06c_89	1450	6166	4.252	4.564
06c_90	373	1331	3.568	3.531
06c_91	684	1402	2.050	2.072
06c_92	446	778	1.744	1.469
06c_93	1589	3081	1.939	2.002
06c_94	712	1200	1.685	1.590
06c_95	1338	11453	8.560	9.463
06c_96	1677	111288	66.361	72.227
06c_97	1620	70358	43.431	47.691
06c_98	2683	294021	109.587	124.606
06c_99	3508	1436884	409.602	507.866
07a_01	2933	181207	61.782	69.839
07a_03	4253	1745122	410.327	555.429
07a_04	4880	6263994	1283.605	1963.858
07a_05	3227	192258	59.578	70.844
07a_06	2025	62145	30.689	32.974
07a_07	4109	1322131	321.765	403.444
07a_08	4296	618728	144.024	188.440
07a_09	3698	440075	119.004	142.930
07a_10	3290	196354	59.682	68.914
07a_11	4393	3819256	869.396	1168.871
07a_12	4065	1375012	338.256	436.866
07a_13	4742	4471916	943.044	1341.671
07a_14	3052	267143	87.530	101.752
07a_15	2417	95173	39.376	43.137
07a_16	3665	382018	104.234	127.885
07a_17	932	1493	1.602	1.462
07a_18	1094	25408	23.225	24.978
07a_19	3103	270631	87.216	100.897
07a_20	2340	93967	40.157	44.885
07a_21	4051	1081505	266.972	341.406
07a_22	3731	508835	136.380	174.081
07a_23	3419	275786	80.663	97.382
07a_24	2661	98049	36.847	42.387
07a_25	4154	825657	198.762	261.522
07a_26	3599	393224	109.259	129.928
07a_27	3753	454259	121.039	154.928
07a_28	4263	1595576	374.285	496.875
07a_29	2722	142533	52.363	59.414
07a_30	2183	56560	25.909	29.552
07a_31	5170	14799708	2862.613	4340.873
07a_32	4273	1070409	250.505	325.426
07a_33	4164	1374214	330.023	427.441
07a_34	3741	642943	171.864	211.856
07a_35	3498	516995	147.797	179.654
07a_36	4442	3726334	838.887	1165.979
07a_37	831	12500	15.042	16.654
07a_38	3865	713606	184.633	232.419
07a_39	2552	142322	55.769	65.700
07a_40	2097	73603	35.099	39.390
07a_41	3897	1194397	306.491	393.176
07a_42	942	17235	18.296	21.636
07a_43	3569	612448	171.602	211.238
07a_44	3562	624849	175.421	212.386
07a_45	3838	669533	174.448	217.444
07a_46	3293	259008	78.654	94.252
07a_48	1064	17753	16.685	19.541
07a_49	4097	1060188	258.772	336.519
07a_50	1631	32082	19.670	22.470
08ab_01	569	1393	2.448	2.111
08ab_02	1435	14864	10.358	11.143
08ab_03	1141	80011	70.124	73.651
08ab_04	1591	32965	20.720	22.899
08ab_05	1520	75946	49.964	54.191
08ab_06	2998	725575	242.020	282.623
08ab_07	1164	25435	21.851	21.949
08ab_08	730	17982	24.633	25.517
08ab_09	513	1417	2.762	2.903
08ab_10	432	21617	50.039	51.446
08ab_11	794	93734	118.053	124.180
08ab_12	835	26748	32.034	33.625
08ab_13	1153	112874	97.896	105.613
08ab_14	1420	42094	29.644	30.609
08ab_15	642	23923	37.263	39.185
08ab_16	530	6964	13.140	13.691
08ab_17	551	24303	44.107	44.720
08ab_18	800	75248	94.060	97.415
08ab_19	341	14124	41.419	42.724
08ab_20	2193	439638	200.473	217.381
08ab_21	1242	29219	23.526	24.778
08ab_22	1897	251268	132.455	142.050
08ab_23	743	29254	39.373	41.663
08ab_24	1104	91849	83.197	87.327
08ab_25	2178	326106	149.727	169.242
08ab_26	1637	218353	133.386	143.238
08ab_27	2825	879069	311.175	350.711
08ab_28	3631	3126009	860.922	1060.266
08ab_29	2751	688980	250.447	290.376
08ab_30	2057	283040	137.598	148.793
08ab_31	3197	669137	209.302	255.009
08ab_32	1172	67300	57.423	60.666
08ab_33	931	102609	110.214	114.809
08ab_34	1647	317218	192.604	203.216
08ab_35	2509	764141	304.560	337.435
08ab_36	2584	649643	251.410	283.546
08ab_37	2261	374898	165.811	185.013
08ab_39	1012	93570	92.460	95.791
08ab_40	2452	648528	264.489	291.698
08ab_41	661	28796	43.564	45.279
08ab_42	2468	720275	291.846	323.109
08ab_43	1923	450694	234.370	253.921
08ab_44	813	43714	53.769	57.138
08ab_45	2570	681728	265.264	293.211
08ab_46	3678	5152779	1400.973	1687.506
08ab_47	2659	756210	284.396	317.452
08ab_49	3100	1579491	509.513	592.834
08ab_50	3050	1096173	359.401	414.205
09a_04	2373	40054	16.879	21.649
09a_05	2873	169057	58.843	72.873
09a_07	2682	156106	58.205	68.848
09a_08	1537	14726	9.581	10.545
09a_10	4519	1615234	357.432	510.077
09a_14	4963	3874049	780.586	1150.417
09a_15	3676	121410	33.028	41.126
09a_17	3511	357356	101.782	126.519
09a_18	4108	1138844	277.226	372.691
09a_28	3295	259821	78.853	94.686
09a_31	2266	80015	35.311	40.680
09a_32	3081	171530	55.673	67.868
09a_39	2604	72594	27.878	33.317
09a_43	793	2544	3.208	3.665
09a_44	1490	44507	29.870	34.413
09a_50	3977	805782	202.611	262.579
09b_01	418	11719	28.036	38.766
09b_02	5622	16341694	2906.740	4261.166
09b_03	3790	2285706	603.089	784.988
09b_04	2003	14514	7.246	8.889
09b_05	3652	1531153	419.264	545.328
09b_06	3160	235013	74.371	100.942
09b_07	3357	70216	20.916	25.817
09b_08	3509	1391644	396.593	509.285
09b_09	1359	173610	127.748	151.614
09b_10	2100	245873	117.082	143.315
09b_11	480	13218	27.538	36.253
09b_12	2315	335125	144.762	179.530
09b_13	792	41338	52.194	62.738
09b_14	3749	1685024	449.460	593.258
09b_15	1162	120369	103.588	118.742
09b_16	2319	331158	142.802	179.098
09b_17	2581	733800	284.308	338.600
09b_18	1727	195930	113.451	135.045
09b_19	3859	1723907	446.724	588.276
09b_20	2658	544779	204.958	254.046
09b_21	1342	79486	59.230	72.447
09b_22	3492	786974	225.365	298.530
09b_23	2066	428591	207.450	236.703
09b_24	633	62540	98.799	115.471
09b_25	2815	515526	183.135	231.183
09b_26	2120	316747	149.409	175.699
09b_27	2627	457809	174.271	218.241
09b_28	2369	21413	9.039	10.505
09b_29	4078	1466743	359.672	500.344
09b_30	2410	268692	111.490	140.800
09b_31	3229	520794	161.286	202.765
09b_32	2622	613458	233.966	280.961
09b_33	2129	314164	147.564	179.290
09b_34	1456	175329	120.418	143.402
09b_35	1214	110372	90.916	109.213
09b_36	2331	402100	172.501	212.327
09b_37	3763	1972463	524.173	684.411
09b_38	1344	193517	143.986	160.717
09b_39	1935	240541	124.311	149.231
09b_40	3770	1311160	347.788	461.205
09b_41	970	21756	22.429	26.867
09b_42	2465	591982	240.155	290.275
09b_43	1578	214244	135.769	163.401
09b_44	658	36918	56.106	68.020
09b_45	3259	782943	240.240	316.238
09b_46	753	5500	7.304	9.207
09b_47	3480	1795845	516.047	657.158
09b_48	292	22241	76.168	89.515
09b_49	281	9404	33.466	41.526
09b_50	1385	3581	2.586	2.775
10a_01	2987	247061	82.712	97.751
10a_02	3737	654329	175.095	224.047
10a_03	4033	1146360	284.245	371.222
10a_04	3668	623131	169.883	212.481
10a_05	3266	223218	68.346	80.296
10a_06	4249	1743772	410.396	535.200
10a_07	3152	388117	123.134	150.743
10a_08	3904	785808	201.283	264.310
10a_09	4637	2581680	556.757	772.865
10a_10	2805	164950	58.806	67.995
10a_11	4281	1336445	312.181	412.807
10a_12	4338	1162964	268.088	359.078
10a_13	4381	2093120	477.772	671.113
10a_14	4098	1008225	246.029	313.327
10a_17	4515	1956532	433.340	602.044
10a_20	4199	1776870	423.165	573.191
10a_21	4659	3073060	659.596	934.686
10a_22	3565	407951	114.432	137.711
10a_23	3329	341079	102.457	130.903
10a_24	4799	2486312	518.090	743.108
10a_25	3632	425860	117.252	143.315
10a_28	3913	719393	183.847	225.866
10a_31	4096	1108031	270.515	354.046
10a_33	4142	1254186	302.797	402.065
10a_34	3712	569570	153.440	192.249
10a_36	4326	1646607	380.630	493.549
10a_37	4223	1201827	284.591	365.748
10a_39	2600	126318	48.584	55.052
10a_40	4911	3302274	672.424	993.079
10a_41	3822	551893	144.399	174.579
10a_43	5484	13654261	2489.836	3867.203
10a_44	5207	7112957	1366.037	2065.849
10a_48	4562	2355852	516.408	723.097
10bc_01	610	4157	6.815	6.921
10bc_02	3232	2347633	726.372	852.584
10bc_03	2586	685316	265.010	298.578
10bc_04	2428	526495	216.843	244.711
10bc_05	3872	8178913	2112.323	2695.959
10bc_06	4316	21267963	4927.702	6615.683
10bc_07	2186	59436	27.189	30.330
10bc_08	2806	1356801	483.536	552.939
10bc_09	1554	232177	149.406	160.864
10bc_10	3062	1705962	557.140	641.585
10bc_11	264	10307	39.042	43.887
10bc_12	2917	943486	323.444	367.163
10bc_13	1628	237407	145.827	157.575
10bc_14	3377	2921241	865.040	1030.033
10bc_15	1639	273923	167.128	177.170
10bc_16	3328	2277082	684.219	798.741
10bc_17	1802	307588	170.693	183.975
10bc_18	1631	234880	144.010	154.602
10bc_19	3139	1475667	470.107	540.514
10bc_20	1942	368011	189.501	204.934
10bc_21	1367	133929	97.973	105.499
10bc_22	3412	2725849	798.901	954.025
10bc_23	1598	210785	131.906	140.955
10bc_24	2627	740545	281.898	315.272
10bc_25	2878	1081790	375.883	436.131
10bc_26	340	12673	37.274	39.180
10bc_27	1616	202083	125.051	135.685
10bc_28	3449	1981758	574.589	685.023
10bc_29	3975	7130882	1793.933	2315.748
10bc_30	2669	755054	282.898	320.569
10bc_31	2579	488192	189.295	211.053
10bc_32	3202	2338081	730.194	854.468
10bc_33	3277	2041580	623.003	726.429
10bc_35	793	80279	101.235	103.595
10bc_36	2322	518603	223.343	242.668
10bc_37	3719	3806666	1023.572	1247.290
10bc_38	2262	470126	207.836	224.865
10bc_39	299	11917	39.856	41.384
10bc_40	3231	1756929	543.773	632.985
10bc_41	3265	2663433	815.753	960.391
10bc_42	2633	874925	332.292	373.674
10bc_44	2760	934722	338.667	377.311
10bc_45	3409	3005254	881.565	1029.209
10bc_46	2280	467939	205.236	221.447
10bc_47	3567	3575146	1002.284	1199.302
10bc_48	696	61259	88.016	91.965
10bc_49	4081	16429533	4025.860	5256.024
10bc_50	3939	14145259	3591.079	4618.368
10bc_51	2160	537155	248.683	271.417
10bc_52	2232	539084	241.525	262.986
10bc_53	2007	194502	96.912	104.672
10bc_57	4477	11089839	2477.069	3481.582
11ab_01	3554	513796	144.568	180.729
11ab_02	1782	38401	21.549	26.484
11ab_03	4455	1341285	301.074	446.899
11ab_04	3392	419813	123.766	158.062
11ab_05	3805	760260	199.806	263.021
11ab_06	3501	200617	57.303	74.467
11ab_07	3967	1119289	282.150	378.580
11ab_08	929	5380	5.791	6.823
11ab_09	2242	84000	37.467	44.584
11ab_10	3749	358581	95.647	121.048
11ab_12	3401	579022	170.251	225.168
11ab_13	1311	27399	20.899	24.292
11ab_14	2597	148549	57.200	66.301
11ab_15	1736	45557	26.243	30.395
11ab_16	4124	1099565	266.626	356.693
11ab_17	4188	1655324	395.254	531.879
11ab_19	3968	1079864	272.143	353.815
11ab_20	3139	270243	86.092	101.982
11ab_21	4174	1170745	280.485	368.381
11ab_23	2992	286145	95.637	117.341
11ab_24	2012	70947	35.262	41.995
11ab_25	3314	176472	53.250	66.950
11ab_26	3838	778923	202.950	265.803
11ab_27	2780	237742	85.519	107.525
11ab_28	2677	210224	78.530	98.195
11ab_29	2404	87291	36.311	44.706
11ab_31	1869	44811	23.976	29.319
11ab_32	3667	491972	134.162	169.356
11ab_33	3691	661608	179.249	227.719
11ab_34	4133	448915	108.617	148.496
11ab_35	2468	147656	59.828	69.435
11ab_36	3919	673802	171.932	233.682
11ab_37	2216	55522	25.055	31.141
11ab_38	3421	489507	143.089	181.099
11ab_39	1851	54113	29.234	34.303
11ab_41	3263	398549	122.142	151.900
11ab_42	3488	578360	165.814	213.373
11ab_44	1891	43275	22.885	27.416
11ab_46	4572	1971856	431.290	630.798
11ab_47	1796	57322	31.916	38.753
11ab_48	3134	489205	156.096	195.706
11ab_49	4248	1523372	358.609	512.440
11ab_50	4194	1197794	285.597	436.037
11c_01	2327	178409	76.669	95.440
11c_03	6053	19345436	3196.008	5008.578
11c_04	4530	4657693	1028.188	1400.541
11c_05	5003	8448462	1688.679	2363.972
11c_06	3625	1220233	336.616	422.840
11c_07	3697	2150216	581.611	753.730
11c_08	1196	168745	141.091	156.562
11c_09	2063	329175	159.561	186.829
11c_10	1860	318715	171.352	201.440
11c_11	4534	3424678	755.333	1026.080
11c_12	442	17991	40.704	48.739
11c_13	1051	59239	56.364	69.382
11c_14	3365	1177493	349.924	427.480
11c_16	4962	5699836	1148.697	1645.866
11c_17	2184	437554	200.345	239.957
11c_20	1200	144354	120.295	141.249
11c_21	2223	468725	210.852	247.722
11c_22	4013	2082829	519.020	679.753
11c_23	1855	326608	176.069	212.091
11c_24	2530	457097	180.671	225.952
11c_25	2658	763248	287.151	338.818
11c_26	2650	787161	297.042	354.762
11c_27	962	105631	109.804	128.262
11c_28	4016	1938921	482.799	647.587
11c_29	2821	130803	46.368	60.205
11c_30	4755	5058303	1063.786	1490.545
11c_31	2375	417881	175.950	216.860
11c_32	3377	1671090	494.845	638.330
11c_33	4427	2606152	588.695	812.041
11c_34	572	19690	34.423	43.215
11c_35	1443	196925	136.469	155.056
11c_36	1704	270935	158.999	187.663
11c_37	1212	91020	75.099	91.609
11c_38	954	82462	86.438	104.857
11c_39	2019	391935	194.123	232.238
11c_40	2263	467073	206.395	245.789
11c_41	2475	86081	34.780	46.152
11c_42	2139	231708	108.325	131.744
11c_43	517	23251	44.973	56.426
11c_44	1357	203519	149.977	170.715
11c_45	3294	1151341	349.527	431.164
11c_46	1969	365873	185.817	214.172
11c_47	3725	2277114	611.306	802.756
11c_48	1265	70380	55.636	65.601
11c_49	1179	43470	36.870	44.451
11c_50	167	11185	66.976	90.854
12a_01	2707	851449	314.536	363.571
12a_02	3388	1970267	581.543	701.763
12a_03	3328	1983218	595.919	718.619
12a_04	2737	1213572	443.395	509.494
12a_05	389	27981	71.931	76.099
12a_06	618	42210	68.301	72.362
12a_07	858	58899	68.647	74.720
12a_08	2595	1036908	399.579	459.461
12a_09	536	54005	100.756	105.515
12a_10	752	73313	97.491	102.745
12a_11	1544	184336	119.389	130.363
12a_12	2295	436207	190.068	217.172
12a_13	3099	2283303	736.787	862.660
12a_14	2043	619594	303.277	332.690
12a_15	1566	266942	170.461	182.297
12a_16	2606	745220	285.963	325.430
12a_17	1781	325945	183.012	198.718
12a_18	929	50486	54.344	60.874
12a_19	1685	60744	36.050	39.396
12a_20	1884	381110	202.288	222.367
12a_21	1965	410061	208.682	229.224
12a_23	1974	393530	199.357	219.291
12a_24	2227	150609	67.629	75.664
12a_26	3058	1303859	426.376	499.883
12a_27	1863	209813	112.621	123.863
12a_28	2831	675932	238.761	273.403
12a_29	3059	436684	142.754	175.943
12a_30	448	23326	52.067	56.304
12a_31	1424	205376	144.225	156.818
12a_32	605	35188	58.162	63.676
12a_33	1296	220966	170.498	180.983
12a_34	684	28846	42.173	46.208
12a_35	1581	294121	186.035	201.200
12a_37	889	49480	55.658	60.497
12a_38	1838	75064	40.840	46.596
12a_39	1646	283203	172.055	189.264
12a_40	796	66154	83.108	87.688
12a_41	275	3599	13.087	13.276
12a_42	726	38338	52.807	58.230
12a_43	298	3621	12.151	12.771
12a_44	2544	728938	286.532	328.935
12a_45	922	15003	16.272	17.898
12a_46	1448	24998	17.264	18.815
12a_48	1024	4357	4.255	4.554
12a_49	3285	3599850	1095.845	1332.763
12a_50	1602	123989	77.396	84.449
12m_01	3778	593134	156.997	186.648
12m_02	3649	396628	108.695	129.670
12m_03	2214	14479	6.540	7.228
12m_04	5565	3035371	545.440	892.002
12m_05	4505	1688432	374.791	507.203
12m_07	4100	794636	193.814	241.247
12m_08	3828	221050	57.746	71.053
12m_09	4156	993175	238.974	300.997
12m_10	705	14122	20.031	22.028
12m_11	1551	17061	11.000	11.877
12m_12	3180	146974	46.218	53.200
12m_13	4086	810374	198.329	249.739
12m_14	1351	35236	26.081	27.487
12m_15	1293	31549	24.400	26.234
12m_16	1586	28968	18.265	20.155
12m_17	4112	716072	174.142	217.198
12m_18	5310	4357522	820.626	1274.113
12m_19	4086	970121	237.426	293.313
12m_20	1855	54238	29.239	31.268
12m_21	4111	854514	207.860	260.830
12m_22	3330	246123	73.911	84.862
12m_23	1837	41386	22.529	25.061
12m_24	2767	24916	9.005	10.198
12m_25	4610	2038080	442.100	603.278
12m_26	4022	1093218	271.810	333.712
12m_27	4222	1218490	288.605	371.750
12m_28	2675	50071	18.718	21.397
12m_29	4415	1062917	240.751	318.606
12m_31	3707	366632	98.903	116.138
12m_32	3846	404148	105.083	126.330
12m_33	4671	1156861	247.669	336.663
12m_34	919	15892	17.293	19.104
12m_35	3179	201036	63.239	73.012
12m_36	3822	521281	136.390	165.024
12m_37	2098	68176	32.496	36.331
12m_38	1600	38847	24.279	26.353
12m_39	3777	573672	151.886	182.838
12m_40	2906	174378	60.006	68.315
12m_41	1634	32687	20.004	21.836
12m_42	3812	352876	92.570	112.611
12m_43	3278	242152	73.872	85.093
12m_44	2651	123460	46.571	51.367
12m_45	3162	215833	68.258	78.008
12m_46	2217	84736	38.221	41.614
12m_47	4770	3506636	735.144	1029.528
12m_48	2486	95650	38.475	45.584
12m_49	3033	126786	41.802	47.892
12m_50	1716	22094	12.875	14.081
14a_04	3216	261377	81.274	102.564
14a_06	3866	548370	141.844	184.901
14a_08	4246	964913	227.252	305.440
14a_10	4191	849071	202.594	270.654
14a_11	4321	1249529	289.176	396.204
14a_13	4531	2039051	450.022	622.031
14a_16	4190	711371	169.778	222.557
14a_18	3922	604955	154.247	199.525
14a_19	3815	338791	88.805	114.040
14a_20	4781	2181250	456.233	665.820
14a_22	4305	1811885	420.879	556.875
14a_23	4369	1446709	331.130	443.581
14a_24	4021	636098	158.194	203.157
14a_25	3986	872870	218.984	284.261
14a_26	3782	584584	154.570	195.489
14a_27	3270	298829	91.385	112.176
14a_28	2986	305971	102.469	122.138
14a_30	4142	1206108	291.190	383.858
14a_31	3454	425252	123.119	150.263
14a_37	4672	2856321	611.370	853.191
14a_38	3195	159630	49.962	63.123
14a_40	3893	934119	239.948	304.591
14a_43	2621	117472	44.820	52.425
14a_44	3830	614345	160.403	206.782
14a_45	4002	914277	228.455	300.622
14a_47	3191	314921	98.690	120.823
14a_48	4003	918181	229.373	298.787
14a_49	4077	814973	199.895	262.086
14a_50	4273	1177033	275.458	369.956
17a_01	2093	378163	180.680	212.790
17a_02	3292	516993	157.045	201.696
17a_03	4814	4222155	877.058	1190.410
17a_04	3716	946608	254.738	343.645
17a_05	2204	276265	125.347	149.245
17a_06	4294	2308584	537.630	715.716
17a_07	1795	19688	10.968	12.449
17a_08	1611	149687	92.916	112.869
17a_09	627	19015	30.327	39.676
17a_10	3398	1206379	355.026	453.773
17a_11	645	52953	82.098	97.365
17a_12	2119	300155	141.649	167.824
17a_13	2980	695492	233.387	282.631
17a_14	4724	4231493	895.744	1206.426
17a_15	2620	424763	162.123	196.863
17a_16	3944	1739622	441.081	579.056
17a_17	1862	344370	184.946	219.428
17a_18	3312	1359188	410.383	513.948
17a_19	722	50993	70.627	87.572
17a_20	3174	912352	287.445	357.656
17a_21	3229	1001012	310.007	375.620
17a_22	3791	1619691	427.246	548.186
17a_23	346	5249	15.171	18.228
17a_24	476	50257	105.582	122.804
17a_25	2258	399743	177.034	218.097
17a_26	5056	7210621	1426.151	1956.151
17a_27	4453	4153281	932.693	1253.725
17a_28	4364	3213584	736.385	998.560
17a_29	4324	3038761	702.766	924.463
17a_30	2885	679670	235.588	273.640
17a_31	4459	1860438	417.232	554.252
17a_32	4350	3925885	902.502	1179.904
17a_33	2272	475628	209.343	256.193
17a_34	2002	375733	187.679	215.831
17a_35	3570	1650402	462.297	584.502
17a_36	3866	1892247	489.459	644.404
17a_37	3112	741175	238.167	299.675
17a_38	3146	941303	299.206	369.715
17a_39	3994	2201508	551.204	715.194
17a_40	2957	757983	256.335	317.501
17a_41	3083	990408	321.248	404.261
17a_42	1893	381619	201.595	236.127
17a_43	1905	324718	170.456	204.609
17a_44	1407	167765	119.236	140.658
17a_45	4629	3863393	834.606	1142.915
17a_46	2447	517973	211.677	247.820
17a_47	4363	4168559	955.434	1267.983
17a_48	1275	164858	129.300	145.698
17a_49	1311	143017	109.090	128.244
17a_50	4140	2460122	594.232	795.751
17b_01	3567	1497354	419.780	547.349
17b_02	5121	8149193	1591.328	2323.173
17b_03	3227	1328544	411.696	509.389
17b_04	4240	3607310	850.781	1135.321
17b_05	3238	1390216	429.344	546.220
17b_06	3977	3146873	791.268	1054.129
17b_07	3156	1430341	453.213	552.915
17b_08	4095	4020493	981.805	1307.446
17b_09	3246	1483144	456.914	590.293
17b_10	4245	4051182	954.342	1316.103
17b_11	3873	2354996	608.055	792.368
17b_12	1933	289169	149.596	186.781
17b_13	1346	147144	109.319	130.032
17b_14	3947	2288415	579.786	775.308
17b_15	984	128273	130.359	145.999
17b_16	1332	219130	164.512	196.732
17b_17	2147	533673	248.567	297.366
17b_18	2289	476772	208.288	259.763
17b_19	1999	426986	213.600	257.007
17b_20	2840	896100	315.528	391.860
17b_21	1230	101927	82.867	97.286
17b_22	740	69797	94.320	113.829
17b_23	2403	855809	356.142	439.284
17b_24	3120	1131599	362.692	466.320
17b_25	3309	961798	290.661	388.179
17b_26	3118	969529	310.946	402.840
17b_27	2623	638397	243.384	304.011
17b_28	1142	11834	10.363	12.205
17b_29	2758	386700	140.210	173.560
17b_30	701	24154	34.456	42.490
17b_31	2089	488788	233.982	278.252
17b_32	3466	2520062	727.081	956.589
17b_33	2426	515053	212.305	267.432
17b_34	2733	637704	233.335	297.525
17b_35	1695	239152	141.093	171.494
17b_36	642	16510	25.717	33.519
17b_37	4332	5322459	1228.638	1669.584
17b_38	2169	487079	224.564	270.034
17b_39	1381	252351	182.731	214.047
17b_40	1921	497461	258.959	301.437
17b_41	3007	1346103	447.656	566.128
17b_42	2245	614872	273.885	328.468
17b_43	3788	3477458	918.020	1213.661
17b_44	3480	2012657	578.350	745.266
17b_45	2011	189302	94.133	114.880
17b_46	1143	178933	156.547	181.274
17b_47	1899	311371	163.966	195.476
17b_48	452	41395	91.582	108.803
17b_49	1862	323556	173.768	202.574
17b_50	2848	740837	260.125	341.573
17c_01	582	27608	47.436	53.849
17c_02	1129	64392	57.035	59.346
17c_03	982	70687	71.983	76.788
17c_04	1765	36397	20.622	23.060
17c_05	1766	28394	16.078	17.488
17c_06	2281	396283	173.732	195.278
17c_07	1859	145675	78.362	85.889
17c_08	565	26514	46.927	49.931
17c_09	1104	104064	94.261	100.785
17c_10	1257	47085	37.458	39.280
17c_11	1644	265704	161.620	175.183
17c_12	2037	398559	195.660	214.266
17c_13	1468	203758	138.800	149.462
17c_14	2742	895121	326.448	369.603
17c_15	970	92150	95.000	99.783
17c_16	1592	151111	94.919	103.505
17c_17	1738	308241	177.354	194.556
17c_18	1744	331527	190.096	205.358
17c_19	379	26127	68.937	73.591
17c_20	2373	638586	269.105	296.731
17c_21	2872	1010389	351.807	407.124
17c_22	2786	655980	235.456	271.151
17c_23	2100	359458	171.170	185.602
17c_24	2409	499918	207.521	231.136
17c_25	2851	957515	335.852	421.387
17c_26	2928	1489591	508.740	587.490
17c_27	3711	3846228	1036.440	1282.506
17c_28	3147	955030	303.473	350.170
17c_29	3308	1702837	514.763	607.822
17c_30	1101	79696	72.385	77.629
17c_31	3034	993173	327.348	381.970
17c_32	1360	103810	76.331	80.948
17c_33	2787	960422	344.608	395.003
17c_34	1649	223483	135.526	145.441
17c_35	2463	421161	170.995	189.489
17c_36	2937	1520419	517.678	601.637
17c_37	2926	1677916	573.450	668.736
17c_38	1903	456323	239.791	261.978
17c_39	3242	2772056	855.045	1033.709
17c_40	2220	506716	228.250	256.358
17c_41	1426	189171	132.658	141.281
17c_42	1501	252010	167.895	176.554
17c_43	2599	835319	321.400	358.579
17c_44	2976	1332429	447.725	516.744
17c_45	2745	531705	193.699	223.297
17c_46	1812	315955	174.368	191.393
17c_47	1933	204517	105.803	116.238
17c_48	2175	380395	174.894	192.178
17c_49	1605	227676	141.854	152.279
17c_50	3297	2503592	759.355	907.804
18a_01	941	117462	124.827	149.484
18a_02	2028	18753	9.247	10.953
18a_03	1970	232282	117.910	143.310
18a_04	2197	36317	16.530	21.111
18a_05	932	4171	4.475	5.243
18a_06	2974	636839	214.136	279.081
18a_07	2124	35415	16.674	19.599
18a_08	785	14507	18.480	22.671
18a_09	1103	90369	81.930	97.937
18a_10	1842	64438	34.983	45.821
18a_11	1157	77049	66.594	81.761
18a_12	2431	433461	178.306	228.979
18a_13	1450	186217	128.426	149.860
18a_14	1496	88418	59.103	74.699
18a_15	797	33459	41.981	49.078
18a_16	2642	532635	201.603	248.223
18a_17	733	76348	104.158	119.924
18a_18	2542	746704	293.747	356.749
18a_19	335	5699	17.012	20.308
18a_21	2795	946556	338.660	415.049
18a_22	4121	3014757	731.560	977.558
18a_23	5229	8551921	1635.479	2335.676
18a_24	1690	252525	149.423	179.398
18a_25	1204	202826	168.460	194.523
18a_26	3314	1118362	337.466	420.234
18a_27	2343	407489	173.918	217.559
18a_28	5370	9875448	1839.003	2656.542
18a_29	2348	205539	87.538	109.048
18a_30	2871	765318	266.568	344.316
18a_31	1318	144479	109.620	128.074
18a_32	2293	16387	7.147	8.219
18a_33	1243	27726	22.306	28.603
18a_34	3302	1749117	529.714	679.963
18a_35	2469	586271	237.453	292.585
18a_36	1529	212824	139.192	167.464
18a_37	3246	1136926	350.254	439.059
18a_38	3694	2260666	611.983	808.038
18a_39	2792	943020	337.758	408.069
18a_40	4029	3060735	759.676	1022.292
18a_42	4136	3373043	815.533	1077.978
18a_43	1816	229831	126.559	152.197
18a_44	727	87650	120.564	135.625
18a_46	2619	714129	272.672	324.171
18a_48	2202	433618	196.920	239.407
18a_49	3486	1201778	344.744	455.580
18a_50	2435	313454	128.729	154.788
18b_02	3718	469863	126.375	153.063
18b_03	4458	696016	156.127	222.643
18b_04	4553	1692125	371.651	517.639
18b_06	4663	3045156	653.047	920.751
18b_07	4577	2331705	509.440	688.188
18b_08	4719	3071764	650.935	910.941
18b_09	3496	430855	123.242	154.900
18b_10	4700	3003961	639.141	883.811
18b_11	4205	991204	235.720	303.390
18b_12	3836	671025	174.928	219.555
18b_13	4373	1659115	379.400	509.264
18b_15	4580	2281532	498.151	697.708
18b_16	4383	1861116	424.621	573.025
18b_17	4219	1387302	328.822	444.628
18b_18	4317	1008471	233.605	303.714
18b_19	4801	4003090	833.803	1201.479
18b_20	4382	1999712	456.347	634.415
18b_21	4543	2481795	546.290	756.836
18b_22	4902	3983494	812.626	1176.391
18b_23	4375	1634546	373.611	514.347
18b_24	4430	1685501	380.474	519.558
18b_26	4436	1830726	412.697	572.355
18b_27	5658	4371371	772.600	1301.960
18b_30	4153	1007176	242.518	315.976
18b_31	4141	923586	223.035	288.294
18b_32	5872	10853363	1848.325	3104.367
18b_33	4469	2259745	505.649	692.221
18b_35	4418	1770000	400.634	540.024
18b_37	4480	2080742	464.451	629.427
18b_39	4802	3939095	820.303	1173.026
18b_40	4732	2518126	532.148	756.895
18b_42	4608	2514665	545.717	756.865
18b_45	4116	1104293	268.293	349.689
18b_46	4146	1165803	281.187	374.087
18b_47	3924	772711	196.919	254.875
18b_48	3112	280453	90.120	106.182
18b_49	3606	475565	131.882	167.922
18c_100	3949	1085061	274.769	338.169
18c_51	1055	2799	2.653	2.781
18c_52	2644	110383	41.748	47.704
18c_53	3060	131758	43.058	50.597
18c_54	3361	214151	63.716	74.757
18c_55	4082	1624967	398.081	501.787
18c_56	4233	1416728	334.687	430.626
18c_57	1753	14471	8.255	8.879
18c_58	2319	65999	28.460	32.839
18c_59	1412	16601	11.757	13.565
18c_60	3651	616792	168.938	198.817
18c_61	3047	216605	71.088	80.046
18c_62	1292	16350	12.655	14.153
18c_63	3547	344393	97.094	114.808
18c_64	2609	114936	44.054	48.711
18c_65	3048	160705	52.725	59.568
18c_66	3898	727717	186.690	234.009
18c_67	1209	19706	16.299	18.659
18c_68	3690	665041	180.228	216.634
18c_70	3439	366239	106.496	122.211
18c_71	3737	562263	150.458	182.743
18c_72	2966	87575	29.526	36.060
18c_73	3814	717671	188.168	230.039
18c_74	857	5499	6.417	6.888
18c_75	2955	135492	45.852	52.348
18c_76	2975	167515	56.308	64.395
18c_77	3235	192641	59.549	68.821
18c_78	3707	426153	114.959	139.724
18c_79	4294	1377009	320.682	422.668
18c_81	4363	1977185	453.171	599.150
18c_82	2106	56382	26.772	29.883
18c_83	3981	191214	48.032	60.150
18c_84	3581	254483	71.065	86.997
18c_85	2871	149830	52.187	59.103
18c_86	3413	351749	103.062	118.986
18c_87	3457	350367	101.350	118.757
18c_88	3507	239917	68.411	80.750
18c_89	3957	1027184	259.587	320.783
18c_90	2336	83560	35.771	38.731
18c_91	3292	273855	83.188	95.457
18c_92	3137	160607	51.198	60.311
18c_94	3865	589812	152.603	190.679
18c_95	3042	234270	77.012	86.078
18c_96	535	1001	1.871	1.854
18c_97	3409	279119	81.877	98.308
18c_98	4389	2770766	631.298	837.306
18c_99	2110	80152	37.987	41.779
19a_01	1924	401021	208.431	227.959
19a_02	2406	755706	314.092	349.690
19a_03	3440	2825224	821.286	991.425
19a_04	3545	2656322	749.315	924.497
19a_05	1597	154794	96.928	103.018
19a_06	2783	543215	195.190	225.514
19a_07	3446	3035491	880.874	1085.491
19a_08	1252	178898	142.890	152.755
19a_09	575	55289	96.155	100.673
19a_10	1322	193544	146.402	155.554
19a_11	2534	738472	291.425	327.975
19a_12	3308	2620569	792.191	965.131
19a_13	2526	844718	334.409	372.160
19a_14	2330	749141	321.520	357.532
19a_15	3205	1570910	490.144	568.669
19a_16	1745	194253	111.320	122.763
19a_17	1478	182973	123.798	130.222
19a_18	2084	484041	232.265	256.193
19a_19	977	66058	67.613	73.693
19a_20	2450	491192	200.487	223.232
19a_21	889	73609	82.800	88.277
19a_22	1868	412058	220.588	241.998
19a_23	2110	297333	140.916	157.650
19a_24	1762	92530	52.514	58.787
19a_25	1125	140372	124.775	134.744
19a_26	1976	421424	213.271	236.332
19a_27	3249	2031104	625.147	756.966
19a_28	2010	274913	136.773	149.754
19a_29	2299	325693	141.667	158.449
19a_30	2407	86391	35.892	41.024
19a_31	2674	431314	161.299	187.207
19a_32	895	120440	134.570	142.082
19a_33	519	29850	57.514	60.702
19a_34	1262	187518	148.588	158.476
19a_35	1587	156568	98.657	110.284
19a_36	1141	112834	98.890	107.240
19a_37	1331	172196	129.373	139.150
19a_38	2230	724805	325.025	363.710
19a_39	2174	509743	234.472	262.943
19a_40	569	30879	54.269	57.657
19a_41	636	4881	7.675	7.950
19a_42	516	4188	8.116	8.724
19a_43	486	18032	37.103	41.563
19a_44	1216	201450	165.666	176.050
19a_45	1045	70802	67.753	73.143
19a_46	1915	375238	195.947	218.415
19a_47	2203	102774	46.652	53.332
19a_48	850	4633	5.451	5.918
19a_49	707	12864	18.195	19.288
19a_50	2657	419545	157.902	179.848
19b_01	3728	812843	218.037	270.544
19b_02	2921	535138	183.204	212.905
19b_03	2505	229675	91.687	102.301
19b_04	2445	191958	78.510	86.124
19b_05	1358	51365	37.824	39.588
19b_06	3196	709436	221.976	259.922
19b_08	1269	37005	29.161	31.303
19b_09	3585	1619454	451.731	543.719
19b_11	2251	172062	76.438	82.578
19b_13	3162	811666	256.694	303.307
19b_14	2707	277930	102.671	113.037
19b_15	2602	262676	100.952	111.553
19b_16	3668	1381338	376.592	456.930
19b_19	3291	652273	198.199	230.850
19b_20	1950	104774	53.730	58.789
19b_21	3370	952384	282.607	343.589
19b_23	2167	126778	58.504	63.561
19b_25	2702	293774	108.725	121.742
19b_26	3351	811678	242.220	288.153
19b_29	312	1286	4.122	4.234
19b_30	3055	429427	140.565	159.657
19b_31	2881	255701	88.754	103.322
19b_32	3729	1804997	484.043	600.145
19b_33	2866	367021	128.060	144.057
19b_34	3880	1402510	361.472	462.201
19b_35	3325	947695	285.021	335.823
19b_36	2965	421328	142.101	165.670
19b_37	871	27919	32.054	34.326
19b_38	1836	110583	60.230	66.013
19b_39	3177	912102	287.095	350.139
19b_40	3097	607772	196.245	224.616
19b_42	424	2072	4.887	4.506
19b_43	3084	644327	208.926	243.534
19b_44	2632	279304	106.119	120.388
19b_45	2403	240609	100.129	111.620
19b_46	2844	389842	137.075	154.024
19b_47	3291	1178834	358.199	428.181
19b_48	2464	206834	83.942	92.195
19b_50	3738	1852315	495.536	611.700
19cd_01	848	27734	32.705	35.409
19cd_02	4310	7112559	1650.246	2205.159
19cd_04	4160	6185450	1486.887	1936.367
19cd_05	3043	514766	169.164	191.311
19cd_07	2841	418636	147.355	161.767
19cd_08	2116	85032	40.185	43.941
19cd_09	4236	4230629	998.732	1326.634
19cd_10	3868	2366197	611.737	753.255
19cd_11	3678	1823099	495.677	594.242
19cd_12	3942	2107044	534.511	675.093
19cd_13	3631	1861487	512.665	621.838
19cd_15	1314	54201	41.249	44.100
19cd_19	1456	65890	45.254	48.537
19cd_20	2704	231935	85.775	94.005
19cd_21	3722	2024067	543.812	673.091
19cd_23	1206	49388	40.952	43.193
19cd_24	2077	129441	62.321	66.024
19cd_25	2913	383915	131.794	150.793
19cd_26	3549	1449492	408.423	496.978
19cd_27	3160	804455	254.574	297.684
19cd_28	3279	766244	233.682	269.730
19cd_29	1524	71207	46.724	50.480
19cd_30	3459	1105084	319.481	385.747
19cd_31	3460	1229752	355.420	418.206
19cd_32	2262	177536	78.486	86.971
19cd_33	2425	160891	66.347	73.870
19cd_34	3286	1009018	307.066	361.750
19cd_35	2836	459138	161.896	188.409
19cd_36	2439	223145	91.490	102.659
19cd_37	2652	147706	55.696	62.704
19cd_38	3569	1307112	366.240	454.012
19cd_39	3013	407705	135.315	156.119
19cd_40	3314	702034	211.839	247.487
19cd_41	3744	733620	195.946	248.437
19cd_42	760	18323	24.109	26.548
19cd_45	3387	1123539	331.721	403.189
19cd_47	2397	231421	96.546	109.227
19cd_48	2984	591258	198.143	232.070
19cd_49	2131	168656	79.144	86.735
19cd_50	3232	1000815	309.658	370.750
20a_03	3513	355448	101.181	126.473
20a_06	3328	250218	75.186	91.241
20a_09	2968	160920	54.218	64.019
20a_12	2664	181876	68.272	79.158
20a_13	2692	86142	31.999	37.818
20a_14	1658	6752	4.072	4.716
20a_15	2558	149619	58.491	70.710
20a_18	2425	142783	58.880	69.614
20a_30	3484	500010	143.516	184.153
20a_31	1776	34364	19.349	22.568
20a_37	2781	102635	36.906	46.576
20a_38	2249	22226	9.883	12.058
20a_41	3800	52675	13.862	17.525
20a_43	1157	4720	4.080	4.543
20a_47	4195	1193122	284.415	408.467
20a_48	2523	118178	46.840	55.414
23p_10	1842	61673	33.482	40.386
23p_21	1292	11939	9.241	10.839
23p_45	3485	464000	133.142	166.539
23p_46	3875	516273	133.232	175.239
23p_47	3680	294003	79.892	106.942
23p_51	4338	1967414	453.530	625.282
23p_55	4059	387254	95.406	128.072
23p_57	3623	474469	130.960	162.388
23p_59	3569	672991	188.566	245.594
23p_60	3577	542191	151.577	192.297
23p_61	3209	345980	107.816	134.751
23p_62	3634	705598	194.166	249.343
23p_63	4029	1084525	269.180	353.717
23p_64	4054	1488871	367.260	495.968
23p_65	4074	1440867	353.674	463.283
23p_66	3700	526953	142.420	184.903
23p_67	2717	209131	76.971	94.478
23p_68	3057	390870	127.861	158.740
23p_69	3454	496717	143.809	178.495
23p_70	3822	956526	250.268	317.454
23p_71	4334	1451480	334.905	461.759
23p_72	4053	856955	211.437	274.313
23p_73	4280	1498990	350.231	473.060
23p_74	4104	1234969	300.918	401.276
23p_75	3301	492858	149.306	191.201
23p_76	4072	1446914	355.333	472.838
23p_77	4337	1531460	353.115	489.381
23p_78	3754	441497	117.607	154.678
23p_79	4368	1521397	348.305	482.057
23p_80	3253	364141	111.940	135.544
23p_81	4547	1530652	336.629	473.301
23p_82	3364	363049	107.922	135.445
23p_83	3630	576354	158.775	207.063
23p_84	3657	741545	202.774	260.335
23p_85	3511	556844	158.600	202.063
23p_86	3531	458134	129.746	160.940
23p_87	3810	744463	195.397	257.485
23p_88	3761	922556	245.295	312.130
23p_89	4132	1567687	379.402	518.626
23p_90	4116	1047029	254.380	348.105
23p_91	2795	326548	116.833	141.522
23p_92	3020	342406	113.379	137.245
23p_93	3181	481544	151.381	185.066
23p_94	3573	586501	164.148	210.748
23p_95	4327	1871356	432.483	611.096
23p_96	3275	510110	155.759	193.463
23p_97	3901	966415	247.735	322.581
25c_01	3049	590986	193.829	226.329
25c_02	2833	435589	153.755	175.227
25c_09	3553	1545098	434.871	525.755
25c_10	3643	1500325	411.838	512.557
25c_11	3615	1658156	458.688	558.646
25c_13	3735	2389543	639.771	782.489
25c_14	3182	407551	128.080	149.562
25c_20	2723	344876	126.653	143.524
25c_21	2213	140658	63.560	70.201
25c_22	3324	1005057	302.364	351.271
25c_24	3273	923763	282.237	326.664
25c_27	3038	592152	194.915	223.471
25c_29	3233	553525	171.211	196.151
25c_30	3336	803445	240.841	280.621
25c_32	3130	420342	134.295	152.239
25c_35	3430	855090	249.297	290.586
25c_39	2908	500501	172.112	196.594
25c_40	3011	590332	196.058	229.893
25c_44	2711	266058	98.140	106.663
25c_45	3410	817011	239.593	281.480
25c_50	2796	241250	86.284	96.257
25c_52	3506	1286058	366.816	443.161
25c_53	1835	96987	52.854	57.002
25c_55	3564	1517583	425.809	511.473
25c_57	3753	1283105	341.888	425.026
25c_60	3154	1014583	321.681	385.514
25c_64	3766	1678539	445.709	547.277
25c_65	3878	1893458	488.256	608.246
25c_72	3199	679456	212.396	255.876
25c_76	2089	110671	52.978	56.221
25c_77	3637	868925	238.913	299.198
25c_78	3507	1006302	286.941	350.342
25c_79	2696	284004	105.343	120.874
25c_81	3594	1648348	458.639	546.362
25c_82	3623	2206095	608.914	736.926
25c_83	3727	1910051	512.490	627.169
25c_84	3665	1468997	400.818	480.227
25c_91	2867	396052	138.142	153.810
25c_92	3749	1831225	488.457	604.846
25c_93	2695	434887	161.368	185.584
26b_02	3622	1585135	437.641	538.613
26b_03	3125	622793	199.294	229.201
26b_04	2890	409678	141.757	159.555
26b_05	2680	259575	96.856	109.052
26b_06	3691	1762413	477.489	590.062
26b_07	3050	629874	206.516	237.512
26b_08	3193	656204	205.513	239.222
26b_09	3778	2170749	574.576	716.542
26b_10	3601	1668971	463.474	564.658
26b_11	524	1790	3.416	3.328
26b_12	3770	2118489	561.933	706.327
26b_13	4361	4811258	1103.247	1504.587
26b_15	2737	273261	99.840	111.392
26b_16	3217	604985	188.059	217.414
26b_17	4499	9983302	2219.005	3029.190
26b_18	3954	3872301	979.338	1228.756
26b_19	3636	1910499	525.440	644.579
26b_20	3535	1518237	429.487	506.861
26b_21	3994	3355584	840.156	1081.141
26b_22	4075	2524940	619.617	796.978
26b_23	3554	1442442	405.864	476.241
26b_24	3683	2093060	568.303	705.349
26b_25	3732	1756030	470.533	578.180
26b_27	3787	2205322	582.340	714.314
26b_28	3401	963561	283.317	330.820
26b_30	3870	3211194	829.766	1025.396
26b_31	3595	1457899	405.535	480.271
26b_32	3725	1807629	485.270	587.801
26b_33	3652	1517237	415.454	490.823
26b_36	3598	1370457	380.894	453.888
26b_37	3977	3586346	901.772	1128.384
26b_39	3600	1663248	462.013	560.243
26b_40	4064	4929891	1213.064	1569.008
26b_41	3872	2459225	635.130	796.912
26b_42	4230	4389839	1037.787	1362.977
26b_43	3799	2014334	530.227	652.209
26b_44	3672	1325709	361.032	434.524
26b_45	3624	1563446	431.414	514.830
26b_46	4211	3619444	859.521	1147.061
26b_47	3594	1651655	459.559	551.631
26b_49	3660	1963242	536.405	658.237
26c_01	2309	181015	78.395	88.124
26c_02	2145	158393	73.843	81.891
26c_03	2251	188268	83.637	93.365
26c_04	2423	158660	65.481	73.709
26c_05	2247	92480	41.157	46.093
26c_06	2979	410812	137.903	157.706
26c_07	2808	67703	24.111	27.861
26c_08	1345	45493	33.824	36.729
26c_09	2433	231168	95.014	107.380
26c_12	2119	133105	62.815	69.509
26c_13	2894	428082	147.921	169.461
26c_14	2729	333659	122.264	139.948
26c_15	2568	295020	114.883	129.574
26c_16	2592	253268	97.711	110.934
26c_17	1030	32711	31.758	34.604
26c_18	1539	58242	37.844	41.728
26c_19	2363	195272	82.637	92.161
26c_20	2581	259595	100.579	113.912
26c_22	1804	99665	55.247	59.116
26c_23	2946	486367	165.094	192.795
26c_24	3048	455833	149.552	174.834
26c_25	3232	694560	214.901	253.178
26c_26	2869	341937	119.183	136.614
26c_27	2506	218636	87.245	98.755
26c_28	3261	900299	276.081	332.096
26c_29	3244	876057	270.055	317.394
26c_36	3198	879799	275.109	330.447
26c_37	2823	293740	104.052	121.237
26c_38	3054	493146	161.475	190.418
26c_39	1267	45864	36.199	39.767
26c_40	3275	358323	109.412	132.287
26c_41	2301	140155	60.910	68.025
26c_42	2824	439416	155.601	182.714
26c_43	2686	369148	137.434	156.959
26c_44	2818	403870	143.318	165.815
26c_45	3103	639031	205.940	244.261
26c_47	2864	357897	124.964	143.943
26c_48	2590	330012	127.418	143.401
26c_49	2984	577583	193.560	226.748
26c_50	2517	296123	117.649	136.042
27a_01	4218	1036933	245.835	321.537
27a_02	3905	921006	235.853	287.783
27a_03	3950	944907	239.217	299.084
27a_04	4536	3571436	787.354	1073.257
27a_05	4547	3053970	671.645	937.211
27a_06	3197	221412	69.256	77.936
27a_07	3957	649951	164.253	201.593
27a_08	4959	6204816	1251.223	1813.544
27a_09	3773	654755	173.537	211.198
27a_10	2923	180168	61.638	67.821
27a_11	3449	370923	107.545	125.614
27a_12	4122	1224709	297.115	375.549
27a_13	3902	756515	193.879	243.497
27a_15	3889	726655	186.849	228.488
27a_16	3834	948695	247.443	300.025
27a_17	4035	1120394	277.669	342.710
27a_18	4791	3178604	663.453	956.189
27a_19	1511	41795	27.660	30.592
27a_20	1857	51770	27.878	30.844
27a_21	2049	56575	27.611	30.818
27a_22	3185	199471	62.628	72.632
27a_23	3534	398145	112.661	131.006
27a_24	3931	1028199	261.562	322.862
27a_25	3739	479084	128.132	155.628
27a_26	3923	822952	209.776	265.528
27a_27	4010	1392557	347.271	433.701
27a_28	3974	836201	210.418	261.863
27a_29	4867	6362273	1307.227	1884.825
27a_30	2508	87671	34.957	38.522
27a_31	3243	164507	50.727	61.198
27a_32	3885	381945	98.313	124.812
27a_33	3789	220572	58.214	73.005
27a_34	2585	130683	50.554	55.579
27a_35	1803	56448	31.308	34.982
27a_36	2739	130051	47.481	54.285
27a_37	3853	680028	176.493	216.647
27a_38	3523	374794	106.385	129.280
27a_39	3844	823557	214.245	261.104
27a_40	2936	177466	60.445	68.315
27a_41	3853	799019	207.376	262.074
27a_42	1171	22336	19.074	22.226
27a_43	1557	24770	15.909	18.517
27a_44	3388	300066	88.567	103.419
27a_45	3349	384583	114.835	133.304
27a_46	3336	330183	98.976	115.216
27a_47	3915	846848	216.309	273.204
27a_48	4134	1529893	370.076	484.374
27a_49	2797	82862	29.625	34.367
27a_50	3347	246459	73.636	89.327
27b_01	3104	1041367	335.492	399.704
27b_04	3333	1549208	464.809	569.401
27b_06	3116	1123999	360.719	433.498
27b_10	3289	1253377	381.081	451.454
27b_11	2841	618272	217.625	253.143
27b_14	3060	703658	229.954	273.594
27b_15	2733	521457	190.800	219.839
27b_16	2993	875444	292.497	341.027
27b_18	2680	488538	182.290	211.316
27b_19	3261	1367337	419.300	505.135
27b_20	3130	1091048	348.578	418.120
27b_21	2877	746589	259.503	304.797
27b_22	2625	508618	193.759	225.974
27b_24	2705	487757	180.317	209.031
27b_35	3444	1585718	460.429	558.441
27b_37	3459	1112401	321.596	378.180
27b_38	2465	182077	73.865	83.094
27b_40	3126	585505	187.302	217.722
27b_42	2084	148558	71.285	77.003
27b_43	2272	170771	75.163	81.485
27b_48	2565	312152	121.697	138.059
27b_49	1581	76836	48.600	51.980
