sample	records	primary_kept	kept_frac	primary_kept_read2	primary_disc_mapq	primary_disc_sclip	unmapped	secondary	supplementary
01b_01	110765	88342	0.798	43771	3504	14106	1582	0	3231
01b_02	3644971	2950000	0.809	1472681	143912	419980	37452	0	93627
01b_03	1624728	1335116	0.822	663601	50473	174107	14586	0	50446
01b_04	28956	22043	0.761	10926	1161	4007	595	0	1150
01b_05	2186608	1772456	0.811	884655	70620	253306	23252	0	66974
01b_06	5517571	4909638	0.890	2443130	97697	357077	19736	0	133423
01b_07	105876	93737	0.885	46382	2541	6793	675	0	2130
01b_08	1687801	1379106	0.817	687658	53201	194245	14062	0	47187
01b_09	731712	655966	0.896	326196	11335	44474	3357	0	16580
01b_10	4089624	3697797	0.904	1838076	66335	233334	13156	0	79002
01b_11	96317	85008	0.883	41825	1447	6393	828	0	2641
01b_12	4049689	3626308	0.895	1802414	59966	264882	17390	0	81143
01b_13	240499	211728	0.880	104922	4457	15549	1024	0	7741
01b_14	2320061	2122600	0.915	1058125	39668	118022	7354	0	32417
01b_15	77903	68636	0.881	33964	1440	4980	676	0	2171
01b_16	3779469	3365881	0.891	1674990	76291	242643	14335	0	80319
01b_17	888862	798971	0.899	395120	13168	54050	4233	0	18440
01b_18	663919	591462	0.891	293257	9143	43435	2334	0	17545
01b_19	3594359	3238300	0.901	1609422	64110	208737	10635	0	72577
01b_20	2439351	2174858	0.892	1079853	41898	157531	11013	0	54051
01b_21	154722	136297	0.881	67698	2921	10324	1212	0	3968
01b_22	1162706	1041051	0.895	517923	21860	74992	3061	0	21742
01b_23	776174	693834	0.894	343709	12506	48027	2675	0	19132
01b_24	1414603	1250367	0.884	621350	30333	96988	4450	0	32465
01b_25	4276848	3891047	0.910	1936444	68755	235980	24228	0	56838
01b_26	233767	209465	0.896	103879	4301	14278	656	0	5067
01b_27	2226482	1987811	0.893	986645	37942	140148	10977	0	49604
01b_28	1942898	1735736	0.893	862706	34853	123832	6207	0	42270
01b_29	11700046	10545719	0.901	5246506	191088	685867	41088	0	236284
01b_30	1358159	1219730	0.898	605899	22350	79368	4598	0	32113
01b_31	1369179	1220696	0.892	607576	25990	85453	4799	0	32241
01b_32	3634414	3284720	0.904	1633535	65028	211511	11583	0	61572
01b_33	4473234	4032180	0.901	2001964	77362	264171	18263	0	81258
01b_34	278508	247117	0.887	123044	6378	16627	840	0	7546
01b_35	270124	240903	0.892	119719	5761	16626	1528	0	5306
01b_36	5196688	4659006	0.897	2323033	94007	331896	17653	0	94126
01b_37	84893	73767	0.869	36495	2197	7087	459	0	1383
01b_38	27944	24811	0.888	12263	532	1902	63	0	636
01b_39	2515968	2234359	0.888	1109540	38202	167635	17134	0	58638
01b_40	2392597	2135802	0.893	1062119	39283	156289	11278	0	49945
01b_41	684932	608366	0.888	301529	10231	46559	1860	0	17916
01b_42	735066	651845	0.887	323164	14901	47557	1809	0	18954
01b_43	616838	551688	0.894	274204	11190	37277	2193	0	14490
01b_44	70034	61171	0.873	30535	1777	5069	343	0	1674
01b_45	3405840	3047243	0.895	1518213	73622	215307	8532	0	61136
01b_46	9056	7711	0.851	3827	387	670	52	0	236
01b_47	59853441	53999566	0.902	26854595	1129737	3682944	224203	0	816991
01b_48	54933817	50273620	0.915	25034716	1002033	2900517	132572	0	625075
04b_01	3039	870	0.286	307	570	564	966	0	69
04b_03	30956	24449	0.790	12105	1623	3410	1078	0	396
04b_05	8353	5002	0.599	2281	837	1250	899	0	365
04b_07	44975	35264	0.784	17360	2476	6130	680	0	425
04b_11	81672	64609	0.791	32000	4025	10141	2145	0	752
04b_15	25623	18381	0.717	8813	1664	4255	924	0	399
04b_16	5411	2653	0.490	1207	545	868	1208	0	137
04b_20	16491	11274	0.684	5382	1049	2439	1390	0	339
04b_23	4629	1950	0.421	642	470	816	1234	0	159
04b_47	703946	571449	0.812	285096	36986	81448	7809	0	6254
04b_48	21313	11861	0.557	5694	1316	3110	4819	0	207
04b_49	35180	26407	0.751	12649	2139	4380	1752	0	502
04b_50	7476	4152	0.555	1784	676	1456	1060	0	132
05abc_01	1689907	1442296	0.853	717789	56828	165620	9230	0	15933
05abc_02	423616	357708	0.844	178786	15167	41810	5177	0	3754
05abc_04	2041133	1691572	0.829	841872	82485	230967	13104	0	23005
05abc_05	3527018	3024723	0.858	1508012	80735	353273	26201	0	42086
05abc_06	2815148	2358920	0.838	1173392	92724	310653	18153	0	34698
05abc_07	36216	8449	0.233	4112	2428	6033	19156	0	150
05abc_08	4124052	3443584	0.835	1710328	132080	464258	29562	0	54568
05abc_09	1037704	877849	0.846	437226	31397	104679	10835	0	12944
05abc_10	2355417	1986407	0.843	990643	58630	255379	23252	0	31749
05abc_11	8313	1771	0.213	790	568	1856	4047	0	71
05abc_12	3096910	2604586	0.841	1296572	160199	292036	13069	0	27020
05abc_13	6315566	5278213	0.836	2635209	190722	704924	45225	0	96482
05abc_14	89906	60036	0.668	29978	3084	10932	14832	0	1022
05abc_15	579674	474387	0.818	236427	23687	65140	9116	0	7344
05abc_16	1034634	866718	0.838	429932	30710	108576	15946	0	12684
05abc_17	603034	495041	0.821	246231	21466	68136	10069	0	8322
05abc_18	2342124	1979301	0.845	984180	66583	248928	14702	0	32610
05abc_19	1553304	1286715	0.828	641021	53361	184941	12329	0	15958
05abc_20	483932	395959	0.818	198107	31749	47179	5065	0	3980
05abc_21	1328606	1104674	0.831	550354	53653	140680	10585	0	19014
05abc_23	522264	428058	0.820	212987	16157	55203	14676	0	8170
05abc_24	143690	111542	0.776	55633	6906	17691	5471	0	2080
05abc_25	1350176	1114717	0.826	555261	43285	151274	10180	0	30720
05abc_26	4910	1721	0.351	618	319	898	1766	0	206
05abc_27	240783	200929	0.834	100029	6949	25890	3528	0	3487
05abc_29	1569693	1301551	0.829	651504	56802	176159	8306	0	26875
05abc_30	2104657	1760404	0.836	876910	67031	208606	37935	0	30681
05abc_31	4318388	3580139	0.829	1781204	128381	503876	32072	0	73920
05abc_32	953703	788654	0.827	392295	28223	109927	10348	0	16551
05abc_33	836628	702996	0.840	349898	21433	91021	7338	0	13840
05abc_34	2218828	1834972	0.827	913960	79636	246548	14528	0	43144
05abc_35	585702	479981	0.819	238904	22134	71061	4962	0	7564
05abc_36	195842	161926	0.827	80381	5741	21993	2876	0	3306
05abc_37	363875	296696	0.815	148032	13330	41482	3968	0	8399
05abc_38	392873	328894	0.837	163542	12983	40773	7020	0	3203
05abc_39	851317	717502	0.843	357082	21804	91215	7605	0	13191
05abc_40	30131	21066	0.699	10331	2310	4045	2165	0	545
05abc_41	4632244	3881838	0.838	1939407	152655	497325	44086	0	56340
05abc_42	179560	146181	0.814	72274	6916	18884	4637	0	2942
05abc_43	93348	77770	0.833	38536	2846	9629	1743	0	1360
05abc_44	342420	289951	0.847	144413	13592	33576	2019	0	3282
05abc_45	102304	84218	0.823	41729	3484	11387	1853	0	1362
05abc_46	1186568	1008677	0.850	502572	40453	117644	4934	0	14860
05abc_47	26832	21108	0.787	10347	611	2704	2099	0	310
05abc_48	199362	164149	0.823	81737	6791	22157	1947	0	4318
05abc_49	75381	62135	0.824	30784	2322	8363	1194	0	1367
05abc_50	209521	174577	0.833	86279	7556	22676	1693	0	3019
06a_01	676005	619845	0.917	308113	10385	36482	2144	0	7149
06a_02	737206	673566	0.914	335195	10267	41758	3353	0	8262
06a_03	572149	527392	0.922	261889	8348	27876	1358	0	7175
06a_04	355663	320218	0.900	158755	6625	21696	1591	0	5533
06a_05	334416	303249	0.907	150089	5669	19411	1503	0	4584
06a_06	2470482	2237774	0.906	1112953	53553	139125	6850	0	33180
06a_07	623804	563718	0.904	279851	11788	34654	3308	0	10336
06a_08	791105	711084	0.899	353913	14267	50370	2205	0	13179
06a_09	441330	396815	0.899	196716	10577	27071	1471	0	5396
06a_10	1116173	1013846	0.908	503070	19204	62284	3062	0	17777
06a_11	402736	365452	0.907	181551	8691	21632	2449	0	4512
06a_12	2277382	2069781	0.909	1030255	38517	130116	7540	0	31428
06a_13	1473698	1332468	0.904	663508	30813	82706	3543	0	24168
06a_14	2449040	2225719	0.909	1107112	38798	140658	5949	0	37916
06a_15	246565	220037	0.892	109516	5396	15820	1817	0	3495
06a_16	934604	823118	0.881	409347	20463	70891	2660	0	17472
06a_17	69418	60796	0.876	29984	1901	4838	417	0	1466
06a_18	310799	279768	0.900	139311	6522	18148	970	0	5391
06a_19	138800	124158	0.895	61696	3219	8039	446	0	2938
06a_20	806034	718362	0.891	356977	14470	56084	2318	0	14800
06a_21	3121608	2807212	0.899	1393545	60141	185074	10213	0	58968
06a_22	1995700	1808173	0.906	898773	42203	111937	7073	0	26314
06a_23	418087	370763	0.887	183874	12094	26324	1927	0	6979
06a_24	810142	718508	0.887	357675	21911	56389	3218	0	10116
06a_26	948838	865568	0.912	432001	15840	53585	3027	0	10818
06a_27	998854	910327	0.911	451561	16359	54845	2117	0	15206
06a_28	3294169	2996040	0.909	1488228	48783	192739	10862	0	45745
06a_29	235821	211258	0.896	104817	5739	14674	979	0	3171
06a_30	2115719	1917409	0.906	956482	39064	126108	7387	0	25751
06a_31	83910	74490	0.888	36973	1594	5415	585	0	1826
06a_33	1464368	1338768	0.914	666241	19804	81616	4460	0	19720
06a_34	3387671	3075470	0.908	1535564	62370	196479	9157	0	44195
06a_35	591977	539851	0.912	268678	7763	34227	1467	0	8669
06a_36	1223507	1099063	0.898	546635	27828	71532	3931	0	21153
06a_37	509964	453839	0.890	225664	11176	32781	1462	0	10706
06a_38	225070	198945	0.884	99071	5221	16398	1214	0	3292
06a_39	5886917	5309162	0.902	2643487	130548	329761	16217	0	101229
06a_40	239052	209357	0.876	104511	6550	17268	1441	0	4436
06a_41	2304970	2087277	0.906	1038655	45246	133756	5579	0	33112
06a_42	6288487	5665316	0.901	2817443	130570	381352	17766	0	93483
06a_43	937250	851792	0.909	424363	15997	51734	2335	0	15392
06a_44	470507	423163	0.899	210589	9406	27422	1167	0	9349
06a_45	729442	660591	0.906	328251	15671	39611	2471	0	11098
06a_46	764466	688392	0.900	342069	12992	45240	2090	0	15752
06a_47	2450339	2185573	0.892	1087112	54501	165767	5323	0	39175
06a_48	803664	710019	0.883	352984	21666	53059	2830	0	16090
06a_49	540156	480646	0.890	238762	9330	36658	2316	0	11206
06a_50	1523342	1379022	0.905	688030	27723	86592	4431	0	25574
06c_01	2308988	2141027	0.927	1058090	28162	99563	16394	0	23842
06c_02	2151861	1987100	0.923	982667	29524	100743	7871	0	26623
06c_03	477431	447532	0.937	221009	3990	19140	2126	0	4643
06c_04	364902	338119	0.927	166938	3492	16712	3583	0	2996
06c_05	63973	48260	0.754	23568	1556	3778	9352	0	1027
06c_06	22028	15910	0.722	7300	1672	3069	751	0	626
06c_07	163247	150747	0.923	74259	3733	6870	604	0	1293
06c_08	803132	730210	0.909	360124	11262	41627	9579	0	10454
06c_09	4028091	3719072	0.923	1843686	60842	183062	15818	0	49297
06c_10	642531	587913	0.915	292116	10115	29570	6620	0	8313
06c_100	5186712	4354465	0.840	2167529	221365	547671	21511	0	41700
06c_11	162086	151042	0.932	74659	1739	7502	325	0	1478
06c_12	118479	110409	0.932	54215	903	5253	637	0	1277
06c_13	703711	649661	0.923	320757	11163	33097	1793	0	7997
06c_14	7931	4293	0.541	1597	481	2023	335	0	799
06c_15	10933	9854	0.901	4835	112	777	49	0	141
06c_16	58762	49218	0.838	24233	887	3835	4250	0	572
06c_17	741927	684031	0.922	336109	10782	33960	3841	0	9313
06c_18	417219	373955	0.896	184802	6064	25080	3243	0	8877
06c_19	254966	230933	0.906	113629	5335	12732	2652	0	3314
06c_20	395214	355498	0.900	176642	7837	23361	2490	0	6028
06c_21	12814	10861	0.848	5212	623	764	202	0	364
06c_22	5089	3659	0.719	1820	405	800	66	0	159
06c_23	3400	1974	0.581	864	194	817	101	0	314
06c_24	14757	11067	0.750	5211	469	2355	453	0	413
06c_25	506029	446890	0.883	221259	9000	30781	10569	0	8789
06c_29	139105	123240	0.886	60374	2410	8779	2223	0	2453
06c_30	206108	177583	0.862	87226	2388	11781	12010	0	2346
06c_31	1087692	981203	0.902	482685	14912	55944	21361	0	14272
06c_32	86719	78409	0.904	38232	1212	4806	657	0	1635
06c_33	40573	34677	0.855	16578	697	3289	991	0	919
06c_34	32487	24828	0.764	12280	1136	2219	3577	0	727
06c_35	8739	6298	0.721	3019	453	1120	459	0	409
06c_37	335321	310630	0.926	153496	5003	13524	2033	0	4131
06c_38	35466	32895	0.928	16231	399	1656	226	0	290
06c_39	158198	144197	0.911	70528	1602	9019	1142	0	2238
06c_40	74859	68814	0.919	34012	1554	3319	279	0	893
06c_41	15439	12545	0.813	5687	300	1699	424	0	471
06c_42	31437	28853	0.918	14027	429	1319	567	0	269
06c_43	28223	2187	0.077	1013	218	502	25031	0	285
06c_44	22811	19971	0.875	9752	155	1205	1153	0	327
06c_45	190338	175390	0.921	86322	2272	8752	1898	0	2026
06c_46	16024	13194	0.823	6273	596	1413	441	0	380
06c_47	32104	28077	0.875	13191	515	2341	409	0	762
06c_48	6039	3375	0.559	1325	286	1011	906	0	461
06c_49	12089	10105	0.836	4668	168	1244	315	0	257
06c_50	632	334	0.528	178	39	184	11	0	64
06c_51	314710	185939	0.591	92129	19520	41239	66028	0	1984
06c_52	60233	16234	0.270	7546	4065	10334	29039	0	561
06c_53	110396	58486	0.530	28764	7852	12378	30852	0	828
06c_54	373549	245030	0.656	122289	25271	37383	62804	0	3061
06c_55	753955	589668	0.782	294493	38012	76076	43976	0	6223
06c_56	533707	359333	0.673	178411	37017	62746	70778	0	3833
06c_57	133526	8135	0.061	3984	11912	9531	103758	0	190
06c_58	120269	63573	0.529	31574	5950	10300	39599	0	847
06c_59	138705	80357	0.579	39615	11352	15366	30621	0	1009
06c_60	15394	1063	0.069	293	1759	1897	10357	0	318
06c_61	12246	413	0.034	159	1808	214	9785	0	26
06c_62	35979	16909	0.470	8290	5213	3597	9905	0	355
06c_63	364691	264126	0.724	131326	18942	36246	44000	0	1377
06c_65	856816	683470	0.798	340064	47255	99377	20728	0	5986
06c_66	55236	28573	0.517	14086	4280	2814	19357	0	212
06c_68	211841	157651	0.744	78554	13168	28455	10932	0	1635
06c_69	64285	34530	0.537	16650	4933	7627	16540	0	655
06c_70	20012	8688	0.434	4221	1532	3210	6394	0	188
06c_71	24573	14507	0.590	6932	2192	3673	4004	0	197
06c_72	34001	7386	0.217	3392	1236	2949	22231	0	199
06c_73	79074	37308	0.472	18383	4682	6886	29846	0	352
06c_74	48253	18027	0.374	8630	3287	4334	22262	0	343
06c_75	129089	79369	0.615	39101	4973	17688	25938	0	1121
06c_76	387063	312859	0.808	153901	18254	42429	9458	0	4063
06c_77	105672	74315	0.703	36381	4947	14515	10123	0	1772
06c_78	4780	1340	0.280	522	595	484	2257	0	104
06c_79	7605	2307	0.303	1030	651	904	3586	0	157
06c_80	15486	1932	0.125	901	1696	1372	10466	0	20
06c_81	28637	19298	0.674	9554	2367	1651	5016	0	305
06c_82	10550	898	0.085	273	359	2044	7193	0	56
06c_83	14168	4163	0.294	1786	886	2032	6937	0	150
06c_84	7575	3134	0.414	1330	239	948	3135	0	119
06c_85	6418	1453	0.226	544	904	944	3049	0	68
06c_86	6942	1005	0.145	440	1563	430	3904	0	40
06c_87	4462	662	0.148	255	406	630	2732	0	32
06c_88	6406	1146	0.179	413	247	933	4008	0	72
06c_89	21175	11649	0.550	5483	2294	4720	2241	0	271
06c_90	8756	2447	0.279	1116	265	924	4978	0	142
06c_91	7598	2286	0.301	884	656	1281	2769	0	606
06c_92	5493	1097	0.200	319	145	1273	2853	0	125
06c_93	11495	4615	0.401	1534	450	2677	3538	0	215
06c_94	5113	1694	0.331	494	642	1372	1290	0	115
06c_95	39111	22059	0.564	10606	1322	5465	9906	0	359
06c_96	265640	221303	0.833	110015	11011	24794	5576	0	2956
06c_97	170983	140188	0.820	69830	5681	14970	8953	0	1191
06c_98	709177	584469	0.824	290448	25739	73408	18226	0	7335
06c_99	3353146	2856847	0.852	1419963	130573	315660	14782	0	35284
07a_01	399429	360983	0.904	179776	7627	21742	2716	0	6361
07a_03	3868567	3472280	0.898	1727158	76886	241057	8127	0	70217
07a_04	13862764	12469437	0.899	6205443	354483	802691	31541	0	204612
07a_05	422515	380385	0.900	188127	6273	25205	949	0	9703
07a_06	138703	122763	0.885	60618	2803	8785	289	0	4063
07a_07	2929727	2630549	0.898	1308418	51883	177821	7837	0	61637
07a_08	1377368	1230289	0.893	611561	26954	83540	3457	0	33128
07a_09	967998	874892	0.904	434817	15972	55456	2474	0	19204
07a_10	430874	390178	0.906	193824	7924	23093	775	0	8904
07a_11	8325052	7611958	0.914	3792702	139495	444784	12871	0	115944
07a_12	3042001	2737319	0.900	1362307	51621	177925	8075	0	67061
07a_13	9893318	8901243	0.900	4429327	200253	579105	20613	0	192104
07a_14	591216	531589	0.899	264446	12775	34232	1394	0	11226
07a_15	213080	188700	0.886	93527	3872	13950	390	0	6168
07a_16	855877	757787	0.885	375769	18041	55920	1524	0	22605
07a_17	4888	2610	0.534	1117	502	1108	208	0	460
07a_18	56374	50871	0.902	25463	734	3527	158	0	1084
07a_19	593800	538440	0.907	267809	11227	33231	1050	0	9852
07a_20	208066	186085	0.894	92118	4175	12390	578	0	4838
07a_21	2411298	2151162	0.892	1069657	51075	150860	5939	0	52262
07a_22	1138464	1011787	0.889	502952	28588	69970	3777	0	24342
07a_23	610697	548161	0.898	272375	12005	37544	878	0	12109
07a_24	219385	195210	0.890	97161	4656	14063	1241	0	4215
07a_25	1835782	1642837	0.895	817180	41434	111049	3620	0	36842
07a_26	875015	781086	0.893	387862	14386	56084	1918	0	21541
07a_27	1004258	902666	0.899	448407	17487	62680	2233	0	19192
07a_28	3536836	3174809	0.898	1579233	83617	194902	7952	0	75556
07a_29	312199	283725	0.909	141192	4695	17952	578	0	5249
07a_30	125431	111780	0.891	55220	2754	8048	564	0	2285
07a_31	32681858	29487265	0.902	14687557	622351	1920807	73353	0	578082
07a_32	2367712	2130177	0.900	1059768	44429	144295	7255	0	41556
07a_33	3002677	2738122	0.912	1363908	54144	158631	5893	0	45887
07a_34	1424761	1281778	0.900	638835	27253	84983	4326	0	26421
07a_35	1131522	1028811	0.909	511816	19089	62972	1902	0	18748
07a_36	8100173	7419749	0.916	3693415	143144	405030	18399	0	113851
07a_37	28244	24469	0.866	11969	493	2478	116	0	688
07a_38	1562527	1421547	0.910	707941	25118	85417	2980	0	27465
07a_39	315716	283853	0.899	141531	6789	18639	555	0	5880
07a_40	160801	146210	0.909	72607	2931	8667	428	0	2565
07a_41	2621903	2375624	0.906	1181227	43538	152340	11904	0	38497
07a_42	37799	34170	0.904	16935	654	2241	261	0	473
07a_43	1352435	1220091	0.902	607643	34839	73051	4299	0	20155
07a_44	1362482	1242659	0.912	617810	23772	71404	3345	0	21302
07a_45	1464657	1334002	0.911	664469	23275	81425	6406	0	19549
07a_46	571669	513544	0.898	254536	10309	34793	2156	0	10867
07a_48	39781	34666	0.871	16913	1285	2651	382	0	797
07a_49	2307846	2103547	0.911	1043359	35524	127457	9398	0	31920
07a_50	69648	63572	0.913	31490	1042	3780	368	0	886
08ab_01	29008	2302	0.079	909	1382	2237	23015	0	72
08ab_02	55577	28862	0.519	13998	2791	9566	14029	0	329
08ab_03	236250	158102	0.669	78091	10120	29811	35733	0	2484
08ab_04	177449	64753	0.365	31788	12115	23945	75791	0	845
08ab_05	312622	150202	0.480	74256	19073	36665	105012	0	1670
08ab_06	1862023	1439254	0.773	713679	100623	256396	50505	0	15245
08ab_07	166053	49325	0.297	23890	6996	16838	92381	0	513
08ab_08	123451	35463	0.287	17481	3678	16577	67446	0	287
08ab_09	17851	2474	0.139	1057	532	673	14017	0	155
08ab_10	130391	43114	0.331	21497	9492	13755	63277	0	753
08ab_11	640384	187268	0.292	93534	38163	52780	359883	0	2290
08ab_12	235118	52495	0.223	25747	18942	27294	133999	0	2388
08ab_13	424726	225643	0.531	112769	14340	45105	136888	0	2750
08ab_14	311528	82533	0.265	40439	25574	54095	147130	0	2196
08ab_15	173578	47057	0.271	23134	8647	20917	96173	0	784
08ab_16	32919	13655	0.415	6691	1233	4552	13322	0	157
08ab_17	101732	48168	0.473	23865	6723	10096	36143	0	602
08ab_18	254129	149458	0.588	74210	18426	31302	52730	0	2213
08ab_19	133259	28036	0.210	13912	10291	11190	83437	0	305
08ab_20	1537627	872495	0.567	432857	56576	212363	380738	0	15455
08ab_21	142813	57058	0.400	27839	10612	22490	50656	0	1997
08ab_22	1236696	501053	0.405	249785	61616	156689	509322	0	8016
08ab_23	190407	58976	0.310	29722	14206	18725	97617	0	883
08ab_24	309229	183031	0.592	91182	15852	44306	63525	0	2515
08ab_25	848656	647611	0.763	321505	37227	109873	43873	0	10072
08ab_26	914613	436670	0.477	218317	56033	84642	331085	0	6183
08ab_27	2233055	1747088	0.782	868019	99292	281019	50011	0	55645
08ab_28	7820686	6222896	0.796	3096887	312425	1063521	40732	0	181112
08ab_29	2683697	1373374	0.512	684394	142705	355415	786800	0	25403
08ab_30	738619	564614	0.764	281574	28930	99106	35766	0	10203
08ab_31	1739035	1337062	0.769	667925	81430	219489	79475	0	21579
08ab_32	196506	134481	0.684	67181	10872	25005	23912	0	2236
08ab_33	510356	204256	0.400	101647	22286	66520	214840	0	2454
08ab_34	842336	631930	0.750	314712	32187	100483	68568	0	9168
08ab_35	2783075	1523412	0.547	759271	120728	380458	726876	0	31601
08ab_36	1781391	1291887	0.725	642244	75833	270021	120105	0	23545
08ab_37	1086824	744759	0.685	369861	57684	142688	119875	0	21818
08ab_39	360031	186288	0.517	92718	20323	51712	98035	0	3673
08ab_40	1688544	1296275	0.768	647747	67708	230261	70988	0	23312
08ab_41	301144	57483	0.191	28687	19015	39476	184440	0	730
08ab_42	1812295	1435465	0.792	715190	92404	242715	23302	0	18409
08ab_43	1726840	896243	0.519	445549	101746	210765	505322	0	12764
08ab_44	196316	86818	0.442	43104	7152	26697	73657	0	1992
08ab_45	2181005	1357650	0.622	675922	120650	261065	406785	0	34855
08ab_46	12842992	10286282	0.801	5133503	477303	1677746	214999	0	186662
08ab_47	2091983	1500036	0.717	743826	73563	244994	231941	0	41449
08ab_49	4600224	3148676	0.684	1569185	227487	638331	495074	0	90656
08ab_50	2661158	2178665	0.819	1082492	81966	330844	37243	0	32440
09a_04	143807	78269	0.544	38215	5964	15816	42323	0	1435
09a_05	689436	337313	0.489	168256	35012	74405	236594	0	6112
09a_07	387017	310477	0.802	154371	16667	40219	15743	0	3911
09a_08	53194	28820	0.542	14094	3374	11774	8480	0	746
09a_10	4776680	3214837	0.673	1599603	139850	459220	904489	0	58284
09a_14	9988268	7712385	0.772	3838336	321657	1247420	606940	0	99866
09a_15	289625	240417	0.830	119007	9366	31283	5248	0	3311
09a_17	1743829	712861	0.409	355505	71773	203538	745600	0	10057
09a_18	3700741	2271934	0.614	1133090	144376	419941	820543	0	43947
09a_28	625440	516255	0.825	256434	21918	73941	6322	0	7004
09a_31	194736	158545	0.814	78530	7910	21195	2404	0	4682
09a_32	595119	340587	0.572	169057	25023	72871	150705	0	5933
09a_39	346904	144540	0.417	71946	12423	39849	147930	0	2162
09a_43	19164	4783	0.250	2239	1009	2513	10579	0	280
09a_44	109967	87991	0.800	43484	5520	12223	2850	0	1383
09a_50	3257185	1607572	0.494	801790	116945	360140	1155337	0	17191
09b_01	25324	22872	0.903	11153	161	1518	109	0	664
09b_02	34658306	32397773	0.935	16056079	302322	1476969	136740	0	344502
09b_03	4851047	4526200	0.933	2240494	50945	208929	16030	0	48943
09b_04	33955	26796	0.789	12282	916	3150	2304	0	789
09b_05	3311559	3039297	0.918	1508144	39126	152731	46744	0	33661
09b_06	512744	461316	0.900	226303	7543	28208	9999	0	5678
09b_07	150923	138463	0.917	68247	2464	6744	1305	0	1947
09b_08	2969150	2754000	0.928	1362356	38745	128201	22658	0	25546
09b_09	369683	344628	0.932	171018	3068	14328	3998	0	3661
09b_10	528609	487503	0.922	241630	5769	24098	6600	0	4639
09b_11	29399	25685	0.874	12467	571	1662	730	0	751
09b_12	753264	665189	0.883	330064	12629	43518	25300	0	6628
09b_13	88645	81637	0.921	40299	1057	4316	654	0	981
09b_14	3601755	3345527	0.929	1660503	43662	159012	17509	0	36045
09b_15	263549	239907	0.910	119538	3505	13401	3697	0	3039
09b_16	709937	655644	0.924	324486	8993	31330	9857	0	4113
09b_17	1560328	1451456	0.930	717656	16168	68502	10868	0	13334
09b_18	419998	389762	0.928	193832	5434	19127	1713	0	3962
09b_19	3659676	3414539	0.933	1690632	33618	154265	19124	0	38130
09b_20	1176431	1075825	0.914	531046	12869	60774	10544	0	16419
09b_21	172657	156319	0.905	76833	2659	9905	1471	0	2303
09b_22	1711997	1560774	0.912	773800	18438	91913	23629	0	17243
09b_23	919296	848778	0.923	420187	10329	44599	3160	0	12430
09b_24	136476	123236	0.903	60696	1833	6742	3669	0	996
09b_25	1091097	1019502	0.934	503976	9288	47958	5212	0	9137
09b_26	678502	625801	0.922	309054	6070	31525	5888	0	9218
09b_27	1002725	909120	0.907	451311	13243	47103	23492	0	9767
09b_28	53503	39073	0.730	17660	1436	5640	6087	0	1267
09b_29	3172809	2908614	0.917	1441871	45726	160554	16866	0	41049
09b_30	580996	530988	0.914	262296	8608	30230	5298	0	5872
09b_31	1115246	1029454	0.923	508660	16007	50342	6017	0	13426
09b_32	1342735	1217940	0.907	604482	18223	70068	23685	0	12819
09b_33	671847	621950	0.926	307786	8979	27943	5666	0	7309
09b_34	382727	351279	0.918	175950	5780	18142	3019	0	4507
09b_35	239637	218065	0.910	107693	3532	13119	1434	0	3487
09b_36	863650	798354	0.924	396254	9667	40452	7475	0	7702
09b_37	4224174	3909542	0.926	1937079	55802	180861	34949	0	43020
09b_38	412608	383177	0.929	189660	2952	18511	4612	0	3356
09b_39	523819	479844	0.916	239303	5151	27900	5123	0	5801
09b_40	2809281	2596248	0.924	1285088	34375	133357	18878	0	26423
09b_41	47858	42638	0.891	20882	1540	2432	548	0	700
09b_42	1256704	1175772	0.936	583790	12029	49587	7614	0	11702
09b_43	461541	425486	0.922	211242	9292	19101	3469	0	4193
09b_44	79990	72634	0.908	35716	1934	3830	272	0	1320
09b_45	1678791	1551611	0.924	768668	21704	77595	10806	0	17075
09b_46	13934	10881	0.781	5381	252	1618	667	0	516
09b_47	3814960	3556019	0.932	1760174	38867	162030	22682	0	35362
09b_48	48732	43756	0.898	21515	93	3980	93	0	810
09b_49	21850	18547	0.849	9143	712	950	1235	0	406
09b_50	14068	6185	0.440	2604	480	2867	4022	0	514
10a_01	586730	490195	0.835	243134	20152	65069	2686	0	8628
10a_02	1582012	1301056	0.822	646727	60914	176850	8496	0	34696
10a_03	2769348	2280265	0.823	1133905	102011	316474	7860	0	62738
10a_04	1536182	1240533	0.808	617402	56604	198852	4799	0	35394
10a_05	548057	443615	0.809	220397	16445	69181	2689	0	16127
10a_06	4281481	3473096	0.811	1729324	165412	558910	12912	0	71151
10a_07	925218	770481	0.833	382364	51992	86223	6790	0	9732
10a_08	1906966	1565836	0.821	780028	76442	221482	5610	0	37596
10a_09	6202042	5139975	0.829	2558295	204339	726276	16206	0	115246
10a_10	404030	327885	0.812	162935	12410	49361	1692	0	12682
10a_11	3216521	2651903	0.824	1315458	98698	374830	9413	0	81677
10a_12	2888443	2310543	0.800	1147579	107507	386859	8681	0	74853
10a_13	5198852	4169153	0.802	2076033	246931	647438	14856	0	120474
10a_14	2497438	2011263	0.805	1003038	101749	319545	9353	0	55528
10a_17	4608128	3892936	0.845	1936404	145544	471414	11778	0	86456
10a_20	4200046	3538906	0.843	1762036	142249	421923	8244	0	88724
10a_21	7134462	6104385	0.856	3031325	201902	708463	21368	0	98344
10a_22	1000958	810744	0.810	402793	32354	122094	2912	0	32854
10a_23	822603	680892	0.828	339813	39141	82368	2949	0	17253
10a_24	6134285	4947709	0.807	2461397	237790	802273	22224	0	124289
10a_25	1044850	847280	0.811	421420	26953	134922	3381	0	32314
10a_28	1740333	1428974	0.821	709581	58446	201969	5213	0	45731
10a_31	2691368	2201207	0.818	1093176	79314	325413	9682	0	75752
10a_33	3069134	2496348	0.813	1242162	116494	376496	10056	0	69740
10a_34	1371756	1129076	0.823	559506	44571	155315	5076	0	37718
10a_36	3933452	3275685	0.833	1629078	105170	442724	12903	0	96970
10a_37	2907776	2385342	0.820	1183515	80212	354211	8851	0	79160
10a_39	314286	250233	0.796	123915	10927	41679	2387	0	9060
10a_40	8041321	6570426	0.817	3268152	271587	941400	21521	0	236387
10a_41	1320857	1097570	0.831	545677	39296	149426	4958	0	29607
10a_43	33750677	27175837	0.805	13521576	1132390	4783853	90642	0	567955
10a_44	17403098	14189513	0.815	7076556	568389	2265324	48462	0	331410
10a_48	5539712	4687499	0.846	2331647	114116	612340	13817	0	111940
10bc_01	72514	7912	0.109	3755	4109	10312	50021	0	160
10bc_02	5664735	4691115	0.828	2343482	241793	647902	31692	0	52233
10bc_03	1693792	1361490	0.804	676174	70394	194686	53534	0	13688
10bc_04	1519203	1047880	0.690	521385	76724	185926	196152	0	12521
10bc_05	19648786	16304596	0.830	8125683	696419	2342148	109197	0	196426
10bc_06	51417155	42415674	0.825	21147711	1747214	6444887	325845	0	483535
10bc_07	223016	117649	0.528	58213	10718	18288	74987	0	1374
10bc_08	3260173	2705379	0.830	1348578	110590	381877	29256	0	33071
10bc_09	633644	461208	0.728	229031	28435	67645	69550	0	6806
10bc_10	4266410	3392788	0.795	1686826	168217	556338	93139	0	55928
10bc_11	547687	20230	0.037	9923	43015	29270	453659	0	1513
10bc_12	2801290	1871506	0.668	928020	109752	370136	396436	0	53460
10bc_13	1008772	472595	0.468	235188	60873	106334	360324	0	8646
10bc_14	7179918	5830789	0.812	2909548	257605	845194	160922	0	85408
10bc_15	887316	546006	0.615	272083	40666	94685	194455	0	11504
10bc_16	5621948	4538942	0.807	2261860	175702	712666	130270	0	64368
10bc_17	874132	609322	0.697	301734	37706	102519	113199	0	11386
10bc_18	775875	469167	0.605	234287	40677	95317	159683	0	11031
10bc_19	3738654	2940343	0.786	1464676	139884	457897	148590	0	51940
10bc_20	1090620	732021	0.671	364010	39226	140112	155139	0	24122
10bc_21	444258	266919	0.601	132990	22161	52038	95736	0	7404
10bc_22	6650318	5434222	0.817	2708373	247477	814325	59466	0	94828
10bc_23	681185	421350	0.619	210565	34495	75442	141437	0	8461
10bc_24	1875289	1473671	0.786	733126	78105	248853	49115	0	25545
10bc_25	2865597	2154015	0.752	1072225	151800	394004	131627	0	34151
10bc_26	608205	25619	0.042	12946	56325	34635	489509	0	2117
10bc_27	690855	402959	0.583	200876	35661	74897	169677	0	7661
10bc_28	5194055	3944245	0.759	1962487	219136	676042	233583	0	121049
10bc_29	17917113	14170979	0.791	7040097	683148	2415712	236535	0	410739
10bc_30	1886231	1500653	0.796	745599	79897	234637	32437	0	38607
10bc_31	1261929	969080	0.768	480888	55019	154945	59782	0	23103
10bc_32	5695694	4674981	0.821	2336900	216483	684939	56915	0	62376
10bc_33	5395357	4057607	0.752	2016027	226392	680668	360645	0	70045
10bc_35	644930	160869	0.249	80590	42456	50700	385313	0	5592
10bc_36	1880012	1037896	0.552	519293	79321	204757	526390	0	31648
10bc_37	9554556	7593751	0.795	3787085	268193	1251405	316507	0	124700
10bc_38	1301753	938577	0.721	468451	55908	195556	88809	0	22903
10bc_39	168659	24045	0.143	12128	12843	11172	120042	0	557
10bc_40	4535118	3497779	0.771	1740850	151546	611677	192808	0	81308
10bc_41	6655707	5307561	0.797	2644128	267709	862084	131422	0	86931
10bc_42	2249043	1744929	0.776	870004	103171	287104	78528	0	35311
10bc_44	2880968	1869205	0.649	934483	125983	307527	539471	0	38782
10bc_45	7768956	5983334	0.770	2978080	287471	1084236	281181	0	132734
10bc_46	1852511	930064	0.502	462125	110095	197099	585400	0	29853
10bc_47	9119868	7125350	0.781	3550204	387696	1317418	150360	0	139044
10bc_48	356936	122590	0.343	61331	19867	40356	171883	0	2240
10bc_49	40900545	32749622	0.801	16320089	1770703	5743452	147981	0	488787
10bc_50	34655452	28184746	0.813	14039487	1657951	4083506	397069	0	332180
10bc_51	1494769	1071810	0.717	534655	50413	199405	151392	0	21749
10bc_52	1517638	1073878	0.708	534794	64345	227539	129346	0	22530
10bc_53	1421529	386798	0.272	192296	103062	116403	803451	0	11815
10bc_57	27997586	22109846	0.790	11020007	925236	4004076	516734	0	441694
11ab_01	1424138	1024232	0.719	510436	51868	176922	149436	0	21680
11ab_02	112366	75693	0.674	37292	7767	12638	15034	0	1234
11ab_03	3385727	2672736	0.789	1331451	225614	407068	40774	0	39535
11ab_04	1039080	838296	0.807	418483	58020	120416	9354	0	12994
11ab_05	1881148	1517656	0.807	757396	102701	220201	16774	0	23816
11ab_06	505618	397988	0.787	197371	36423	59165	5294	0	6748
11ab_07	2756249	2235516	0.811	1116227	142972	327865	19969	0	29927
11ab_08	15183	10358	0.682	4978	1204	2533	743	0	345
11ab_09	217564	166761	0.766	82761	11634	28311	7198	0	3660
11ab_10	902161	711911	0.789	353330	38077	118526	9544	0	24103
11ab_12	1486985	1156515	0.778	577493	120962	169628	21203	0	18677
11ab_13	70101	54794	0.782	27395	4175	8394	1719	0	1019
11ab_14	371327	294682	0.794	146133	17100	50995	2371	0	6179
11ab_15	123095	90157	0.732	44600	6368	14652	9835	0	2083
11ab_16	2782619	2195074	0.789	1095509	113999	388440	40043	0	45063
11ab_17	4067296	3294795	0.810	1639471	186673	441895	84879	0	59054
11ab_19	2671899	2150937	0.805	1071073	116479	328344	20180	0	55959
11ab_20	675060	538824	0.798	268581	33301	80773	13506	0	8656
11ab_21	2901929	2329522	0.803	1158777	104928	392033	28929	0	46517
11ab_23	737979	568584	0.770	282439	39086	79176	40632	0	10501
11ab_24	181542	140016	0.771	69069	12626	20511	5663	0	2726
11ab_25	497446	350254	0.704	173782	24963	58409	57404	0	6416
11ab_26	1984208	1555711	0.784	776788	91506	230423	79800	0	26768
11ab_27	587539	472789	0.805	235047	33245	63667	12673	0	5165
11ab_28	538988	419163	0.778	208939	36451	66346	9762	0	7266
11ab_29	226836	173230	0.764	85939	13211	25238	11775	0	3382
11ab_31	150339	89027	0.592	44216	13175	20424	26348	0	1365
11ab_32	1548921	980422	0.633	488450	46974	175356	327232	0	18937
11ab_33	1932472	1321916	0.684	660308	93936	219428	278370	0	18822
11ab_34	1252566	895475	0.715	446560	58816	136997	147254	0	14024
11ab_35	358470	294208	0.821	146552	16464	35948	6896	0	4954
11ab_36	1735195	1338267	0.771	664465	78103	190226	105778	0	22821
11ab_37	158020	109829	0.695	54307	9268	17428	20051	0	1444
11ab_38	1584870	974784	0.615	485277	68903	176757	351948	0	12478
11ab_39	167207	107709	0.644	53596	9783	19942	28216	0	1557
11ab_41	1005832	793508	0.789	394959	47028	128147	24687	0	12462
11ab_42	1716757	1150841	0.670	572481	92636	204053	245318	0	23909
11ab_44	130788	85433	0.653	42158	6950	14831	21970	0	1604
11ab_46	5149108	3927327	0.763	1955471	217547	567723	374777	0	61734
11ab_47	185999	113827	0.612	56505	15562	20751	34386	0	1473
11ab_48	1209879	973976	0.805	484771	76161	122162	23075	0	14505
11ab_49	3753831	3042030	0.810	1518658	200058	438143	20865	0	52735
11ab_50	3348522	2387827	0.713	1190033	260451	354323	315149	0	30772
11c_01	394909	350763	0.888	172354	3323	19132	16756	0	4935
11c_03	41143318	38247492	0.930	18902056	457837	1807610	186587	0	443792
11c_04	9862513	9222972	0.935	4565279	107856	397137	50095	0	84453
11c_05	17875027	16696364	0.934	8247902	166968	767089	69361	0	175245
11c_06	2618146	2422863	0.925	1202630	38513	115069	12109	0	29592
11c_07	4560282	4260919	0.934	2110703	51790	190872	17547	0	39154
11c_08	360965	336864	0.933	168119	3149	15239	2508	0	3205
11c_09	707310	652583	0.923	323408	7389	33029	3679	0	10630
11c_10	689406	633403	0.919	314688	9078	33786	4347	0	8792
11c_11	7345066	6795591	0.925	3370913	86363	337209	35851	0	90052
11c_12	39793	35523	0.893	17532	422	2152	1045	0	651
11c_13	132827	117529	0.885	58290	760	8153	5380	0	1005
11c_14	2503676	2324824	0.929	1147331	18679	115796	16217	0	28160
11c_16	12114924	11268284	0.930	5568448	146312	521438	47572	0	131318
11c_17	929147	865972	0.932	428418	9023	40850	5901	0	7401
11c_20	311495	284819	0.914	140465	3497	14960	4928	0	3291
11c_21	991383	928144	0.936	459419	9200	40678	2858	0	10503
11c_22	4445564	4119231	0.927	2036402	48368	205341	26506	0	46118
11c_23	700436	648193	0.925	321585	7674	31946	4787	0	7836
11c_24	984939	906822	0.921	449725	12153	45401	10630	0	9933
11c_25	1630982	1514393	0.929	751145	20727	70177	10237	0	15448
11c_26	1682793	1558727	0.926	771566	17708	73333	17976	0	15049
11c_27	237993	209627	0.881	103996	2436	11029	13044	0	1857
11c_28	4137817	3840761	0.928	1901840	54748	177867	19438	0	45003
11c_29	282703	256386	0.907	125583	4057	15374	2335	0	4551
11c_30	10705629	9999616	0.934	4941313	109084	449393	42841	0	104695
11c_31	896359	828459	0.924	410578	9684	43006	4903	0	10307
11c_32	3540629	3304188	0.933	1633098	35204	155444	13080	0	32713
11c_33	5532689	5168662	0.934	2562510	53521	233470	25987	0	51049
11c_34	42936	38924	0.907	19234	702	2364	268	0	678
11c_35	412678	390174	0.945	193249	3090	15056	1244	0	3114
11c_36	581778	538103	0.925	267168	8398	27072	1739	0	6466
11c_37	192217	179441	0.934	88421	1186	9054	293	0	2243
11c_38	177167	162561	0.918	80099	1425	10247	919	0	2015
11c_39	876105	775735	0.885	383800	12211	41019	39683	0	7457
11c_40	985170	924788	0.939	457715	12460	37912	3494	0	6516
11c_41	183877	167509	0.911	81428	1605	9824	2698	0	2241
11c_42	487639	457483	0.938	225775	3894	20615	1382	0	4265
11c_43	52077	46031	0.884	22780	1115	3462	400	0	1069
11c_44	428696	402555	0.939	199036	3832	16457	1968	0	3884
11c_45	2435413	2275582	0.934	1124241	19769	106618	8169	0	25275
11c_46	772069	723517	0.937	357644	5836	33316	3309	0	6091
11c_47	4827494	4506760	0.934	2229646	46974	210493	19409	0	43858
11c_48	148490	137564	0.926	67184	973	7609	896	0	1448
11c_49	90788	84786	0.934	41316	831	4156	309	0	706
11c_50	24838	22710	0.914	11525	372	1112	42	0	602
12a_01	2390613	1691961	0.708	840512	122876	251832	300213	0	23731
12a_02	5372831	3929160	0.731	1958893	230867	646916	518285	0	47603
12a_03	5171308	3941049	0.762	1957831	221198	598302	351835	0	58924
12a_04	3156718	2421417	0.767	1207845	154466	371458	176349	0	33028
12a_05	624593	55931	0.090	27950	48251	38321	481113	0	977
12a_06	179224	83852	0.468	41642	8670	19599	65619	0	1484
12a_07	417080	117762	0.282	58863	33724	30134	234010	0	1450
12a_08	3424807	2068635	0.604	1031727	283650	483103	535786	0	53633
12a_09	747474	107749	0.144	53744	63733	53056	520080	0	2856
12a_10	422500	144250	0.341	70937	32536	39177	204241	0	2296
12a_11	1009509	365852	0.362	181516	62041	84369	491178	0	6069
12a_12	1539432	868340	0.564	432133	106982	170073	382169	0	11868
12a_13	5722860	4553819	0.796	2270516	289450	680855	139912	0	58824
12a_14	1628519	1236372	0.759	616778	84545	188261	100228	0	19113
12a_15	1024297	533382	0.521	266440	58898	122549	298949	0	10519
12a_16	2333735	1487174	0.637	741954	122658	271028	429966	0	22909
12a_17	1110820	648422	0.584	322477	52347	120595	281458	0	7998
12a_18	319613	100780	0.315	50294	20219	32685	164684	0	1245
12a_19	285993	119288	0.417	58544	18376	30986	115364	0	1979
12a_20	1055959	758244	0.718	377134	74413	117206	96029	0	10067
12a_21	1760274	815438	0.463	405377	121140	169814	642252	0	11630
12a_23	1416083	785382	0.555	391852	75533	135864	409113	0	10191
12a_24	996115	298726	0.300	148117	81797	93874	515091	0	6627
12a_26	3669736	2596894	0.708	1293035	171525	433281	432260	0	35776
12a_27	1101561	416178	0.378	206365	68244	88529	523555	0	5055
12a_28	2101547	1345871	0.640	669939	123495	252586	359426	0	20169
12a_29	1666753	867223	0.520	430539	115270	178779	495016	0	10465
12a_30	184340	46523	0.252	23197	13143	15377	108539	0	758
12a_31	675164	410038	0.607	204662	41531	72497	148178	0	2920
12a_32	200336	70043	0.350	34855	14329	19581	95511	0	872
12a_33	599056	439155	0.733	218189	31795	64989	57047	0	6070
12a_34	377909	57347	0.152	28501	32326	30447	256336	0	1453
12a_35	991002	585916	0.591	291795	51033	106625	240986	0	6442
12a_37	214225	98535	0.460	49055	16028	24297	73326	0	2039
12a_38	207549	148874	0.717	73810	13554	22534	20764	0	1823
12a_39	798052	562465	0.705	279262	46385	88905	94055	0	6242
12a_40	205816	130333	0.633	64179	9901	21526	42150	0	1906
12a_41	26198	7158	0.273	3559	3017	2208	13763	0	52
12a_42	140333	76203	0.543	37865	8845	14867	39251	0	1167
12a_43	128863	7002	0.054	3381	7227	10155	103984	0	495
12a_44	1828690	1451184	0.794	722246	98002	211337	49247	0	18920
12a_45	101052	29306	0.290	14303	5990	14144	50988	0	624
12a_46	64741	48047	0.742	23049	4112	7741	4488	0	353
12a_48	13690	7878	0.575	3521	195	2063	3450	0	104
12a_49	8996334	7183843	0.799	3583993	537764	1136387	64826	0	73514
12a_50	525786	247527	0.471	123538	37323	55686	181696	0	3554
12m_01	1331456	1178610	0.885	585476	22767	87442	6557	0	36080
12m_02	896791	787133	0.878	390505	17918	65518	3981	0	22241
12m_03	35930	27412	0.763	12933	1232	4981	1015	0	1290
12m_04	6948541	6030542	0.868	2995171	151921	574038	27017	0	165023
12m_05	3795163	3364025	0.886	1675593	68242	252594	10975	0	99327
12m_07	1803336	1579552	0.876	784916	32029	146345	8556	0	36854
12m_08	491470	440428	0.896	219378	9685	29840	1773	0	9744
12m_09	2253240	1979871	0.879	986696	51198	169826	9161	0	43184
12m_10	32572	27608	0.848	13486	720	3188	130	0	926
12m_11	41288	33684	0.816	16623	1305	4253	688	0	1358
12m_12	336569	290907	0.864	143933	8388	26531	1882	0	8861
12m_13	1879636	1613140	0.858	802766	55548	164008	9826	0	37114
12m_14	80042	69961	0.874	34725	1316	6023	272	0	2470
12m_15	72144	62970	0.873	31421	1334	5422	404	0	2014
12m_16	66059	56660	0.858	27692	1571	5174	485	0	2169
12m_17	1596283	1420248	0.890	704176	25720	109408	8666	0	32241
12m_18	9690599	8678887	0.896	4321365	171744	605766	43103	0	191099
12m_19	2188082	1930282	0.882	960161	36088	159191	6637	0	55884
12m_20	127635	107942	0.846	53704	4063	12422	533	0	2675
12m_21	1930543	1700658	0.881	846144	34453	134859	5670	0	54903
12m_22	554615	490886	0.885	244763	10852	38251	2239	0	12387
12m_23	95453	81843	0.857	40457	2796	7774	449	0	2591
12m_24	59161	47159	0.797	22243	2193	6214	1650	0	1945
12m_25	4554579	4052291	0.890	2014211	89101	293241	20237	0	99709
12m_26	2473614	2176995	0.880	1083777	57701	171285	11419	0	56214
12m_27	2714021	2422526	0.893	1204036	49772	167870	10402	0	63451
12m_28	114462	99003	0.865	48932	2106	9067	1058	0	3228
12m_29	2391473	2115499	0.885	1052582	46650	164669	6222	0	58433
12m_31	829935	727127	0.876	360495	16954	58839	4134	0	22881
12m_32	910268	805057	0.884	400909	15337	63270	4888	0	21716
12m_33	2568487	2305777	0.898	1148916	46737	160565	14149	0	41259
12m_34	36114	31541	0.873	15649	645	3126	114	0	688
12m_35	451639	400240	0.886	199204	9337	29810	1625	0	10627
12m_36	1183913	1040586	0.879	519305	28717	83892	5059	0	25659
12m_37	151503	135105	0.892	66929	3410	9462	1067	0	2459
12m_38	87448	77070	0.881	38223	1504	6289	487	0	2098
12m_39	1286902	1139992	0.886	566320	29454	85617	3579	0	28260
12m_40	386384	346386	0.896	172008	5788	24476	1564	0	8170
12m_41	73095	64586	0.884	31899	902	5309	373	0	1925
12m_42	780776	702480	0.900	349604	15926	48523	3971	0	9876
12m_43	545096	482417	0.885	240265	12121	39159	2187	0	9212
12m_44	274016	244999	0.894	121539	5525	16513	741	0	6238
12m_45	478379	431035	0.901	215202	8393	27435	991	0	10525
12m_46	190540	167984	0.882	83248	4390	12789	673	0	4704
12m_47	7820356	6967286	0.891	3460650	133959	515920	34253	0	168938
12m_48	212332	189950	0.895	94300	4395	12870	1167	0	3950
12m_49	286074	250895	0.877	124109	6995	20765	1457	0	5962
12m_50	50094	43183	0.862	21089	1219	4072	658	0	962
14a_04	629595	520557	0.827	259180	32208	68409	1504	0	6917
14a_06	1325521	1091480	0.823	543110	60158	157709	2653	0	13521
14a_08	2255810	1920163	0.851	955250	76328	232037	4426	0	22856
14a_10	1995846	1689573	0.847	840502	62752	214034	4623	0	24864
14a_11	2899164	2489133	0.859	1239604	95993	275529	5039	0	33470
14a_13	4741863	4059768	0.856	2020717	132109	493575	11232	0	45179
14a_16	1686338	1418204	0.841	706833	53222	181692	4014	0	29206
14a_18	1435039	1204721	0.840	599766	52937	159417	3641	0	14323
14a_19	818189	673398	0.823	334607	32354	98688	2124	0	11625
14a_20	5217612	4351475	0.834	2170225	197432	589065	8848	0	70792
14a_22	4264610	3618459	0.848	1806574	130348	446736	7555	0	61512
14a_23	3469910	2883095	0.831	1436386	121931	398288	7734	0	58862
14a_24	1508966	1263050	0.837	626952	49967	160365	4838	0	30746
14a_25	2111830	1740245	0.824	867375	95568	249366	3633	0	23018
14a_26	1371811	1166738	0.851	582154	55583	133036	2217	0	14237
14a_27	733019	594611	0.811	295782	39394	91265	1540	0	6209
14a_28	725454	610532	0.842	304561	37152	69813	1873	0	6084
14a_30	2857794	2403627	0.841	1197519	118506	298701	4380	0	32580
14a_31	1010808	846043	0.837	420791	39919	111844	1520	0	11482
14a_37	6804305	5690715	0.836	2834394	242331	764842	15264	0	91153
14a_38	379145	316530	0.835	156900	17698	38526	1434	0	4957
14a_40	2269167	1859105	0.819	924986	102757	279676	4766	0	22863
14a_43	284156	232814	0.819	115342	11640	35306	1224	0	3172
14a_44	1463718	1226066	0.838	611721	44849	175378	2783	0	14642
14a_45	2225418	1822493	0.819	908216	107973	261786	4046	0	29120
14a_47	753315	627299	0.833	312378	37994	78952	1853	0	7217
14a_48	2206603	1827649	0.828	909468	94705	248903	4305	0	31041
14a_49	1922931	1624325	0.845	809352	73300	197405	4132	0	23769
14a_50	2813091	2342068	0.833	1165035	108015	319277	7004	0	36727
17a_01	808579	748784	0.926	370621	6908	38528	5978	0	8381
17a_02	1097128	1018503	0.928	501510	10819	51235	5155	0	11416
17a_03	8948268	8356071	0.934	4133916	92663	382359	27255	0	89920
17a_04	2023388	1869915	0.924	923307	20102	96458	18205	0	18708
17a_05	599223	547848	0.914	271583	7720	34353	3503	0	5799
17a_06	4902672	4578059	0.934	2269475	50735	216533	14961	0	42384
17a_07	41902	38771	0.925	19083	645	1918	154	0	414
17a_08	324943	297352	0.915	147665	3711	17752	3067	0	3061
17a_09	40756	37131	0.911	18116	280	2551	164	0	630
17a_10	2557862	2396446	0.937	1190067	25401	106398	10413	0	19204
17a_11	113261	105557	0.932	52604	1392	5101	296	0	915
17a_12	649658	592616	0.912	292461	4710	30883	13325	0	8124
17a_13	1488868	1376548	0.925	681056	18195	61623	13542	0	18960
17a_14	8963437	8379152	0.935	4147659	81571	396717	24296	0	81701
17a_15	900941	840713	0.933	415950	9529	37213	2801	0	10685
17a_16	3710553	3448908	0.929	1709286	41615	163929	20752	0	35349
17a_17	737202	680769	0.923	336399	11481	33171	4913	0	6868
17a_18	2868925	2688002	0.937	1328814	31738	118704	6072	0	24409
17a_19	112841	101331	0.898	50338	1523	7737	639	0	1611
17a_20	1951405	1804819	0.925	892467	22904	96247	6732	0	20703
17a_21	2143674	1978518	0.923	977506	27985	100851	4548	0	31772
17a_22	3428690	3207082	0.935	1587391	37277	138634	10081	0	35616
17a_23	11681	10329	0.884	5080	85	1005	93	0	169
17a_24	129498	99714	0.770	49457	3167	8380	16937	0	1300
17a_25	846191	787993	0.931	388250	10795	35503	3117	0	8783
17a_26	15370885	14280836	0.929	7070215	162087	671862	84079	0	172021
17a_27	8802110	8202476	0.932	4049195	97143	397831	21358	0	83302
17a_28	6799121	6349495	0.934	3135911	63258	298677	27422	0	60269
17a_29	6400309	6012573	0.939	2973812	47325	265378	19750	0	55283
17a_30	1450017	1343789	0.927	664119	16283	66870	3952	0	19123
17a_31	3964356	3683632	0.929	1823194	38245	184330	10975	0	47174
17a_32	8329831	7780668	0.934	3854783	89775	355145	19404	0	84839
17a_33	1016001	943835	0.929	468207	11956	43895	7664	0	8651
17a_34	806138	744062	0.923	368329	10634	38090	3790	0	9562
17a_35	3503781	3270484	0.933	1620082	37290	153534	8614	0	33859
17a_36	4052312	3755340	0.927	1863093	45594	193226	10046	0	48106
17a_37	1584040	1465600	0.925	724425	20068	73238	6264	0	18870
17a_38	2016088	1863522	0.924	922219	26872	90691	9331	0	25672
17a_39	4673258	4353374	0.932	2151866	51543	198331	13966	0	56044
17a_40	1610667	1503377	0.933	745394	15110	67546	8233	0	16401
17a_41	2089635	1953320	0.935	962912	23288	90451	3419	0	19157
17a_42	818247	757284	0.925	375665	12954	37985	2547	0	7477
17a_43	691169	641331	0.928	316613	7800	31349	2602	0	8087
17a_44	363143	330932	0.911	163167	5139	19333	3018	0	4721
17a_45	8210580	7645618	0.931	3782225	85664	361217	25227	0	92854
17a_46	1114475	1026510	0.921	508537	14769	57237	3110	0	12849
17a_47	8895484	8262448	0.929	4093889	103851	407787	22216	0	99182
17a_48	351909	326826	0.929	161968	4410	16473	709	0	3491
17a_49	303351	282213	0.930	139196	3269	13634	1380	0	2855
17a_50	5216128	4866329	0.933	2406207	57238	231081	13068	0	48412
17b_01	3178977	2966797	0.933	1469443	38058	131940	13321	0	28861
17b_02	17196555	16097687	0.936	7948494	164406	728102	63337	0	143023
17b_03	2799862	2619133	0.935	1290589	27453	114080	8134	0	31062
17b_04	7662371	7134817	0.931	3527507	81177	337811	21609	0	86957
17b_05	2937041	2749674	0.936	1359458	27611	123172	11115	0	25469
17b_06	6679690	6236723	0.934	3089850	64972	288829	25740	0	63426
17b_07	3030544	2833142	0.935	1402801	31836	130401	6663	0	28502
17b_08	8549198	7979282	0.933	3958789	79864	380750	20404	0	88898
17b_09	3151719	2933112	0.931	1449968	36784	132278	17904	0	31641
17b_10	8576823	8008582	0.934	3957400	87883	371263	19386	0	89709
17b_11	5010782	4668099	0.932	2313103	45925	220999	23811	0	51948
17b_12	615279	572018	0.930	282849	8114	27560	2448	0	5139
17b_13	307899	290168	0.942	143024	1900	12379	1045	0	2407
17b_14	4850331	4531507	0.934	2243092	47766	210269	14486	0	46303
17b_15	277360	254265	0.917	125992	4824	13208	445	0	4618
17b_16	465172	434644	0.934	215514	5294	19721	1361	0	4152
17b_17	1141394	1055801	0.925	522128	16355	51226	5914	0	12098
17b_18	1007086	945850	0.939	469078	11894	39085	2529	0	7728
17b_19	898357	843966	0.939	416980	9373	34205	3244	0	7569
17b_20	1904230	1770655	0.930	874555	21106	81632	12713	0	18124
17b_21	224806	201677	0.897	99750	4481	10686	5832	0	2130
17b_22	149215	137184	0.919	67387	3204	5649	1621	0	1557
17b_23	1802743	1688505	0.937	832696	20989	72542	6182	0	14525
17b_24	2414483	2234877	0.926	1103278	36029	109402	10848	0	23327
17b_25	2041265	1900593	0.931	938795	25596	89968	8375	0	16733
17b_26	2066026	1917024	0.928	947495	30289	90210	8975	0	19528
17b_27	1351246	1261099	0.933	622702	13463	59023	4375	0	13286
17b_28	26495	22832	0.862	10998	346	2131	867	0	319
17b_29	820660	761863	0.928	375163	15798	32674	1343	0	8982
17b_30	52062	47027	0.903	22873	1451	2695	601	0	288
17b_31	1034309	963973	0.932	475185	9747	45753	3003	0	11833
17b_32	5348997	4997020	0.934	2476958	62395	223600	18431	0	47551
17b_33	1098659	1019486	0.928	504433	13897	48487	4756	0	12033
17b_34	1353080	1257120	0.929	619416	17348	56555	7921	0	14136
17b_35	510081	472123	0.926	232971	6308	23919	3070	0	4661
17b_36	36379	32321	0.888	15811	526	2016	849	0	667
17b_37	11261806	10516188	0.934	5193729	134863	475795	33352	0	101608
17b_38	1034394	964567	0.932	477488	15852	42233	2700	0	9042
17b_39	533295	496749	0.931	244398	9321	20741	1921	0	4563
17b_40	1063059	983698	0.925	486237	10847	52684	3507	0	12323
17b_41	2863289	2673782	0.934	1327679	39693	112306	8945	0	28563
17b_42	1297759	1213120	0.935	598248	15375	53162	4325	0	11777
17b_43	7381945	6868143	0.930	3390685	93887	315636	31598	0	72681
17b_44	4262059	3978120	0.933	1965463	40539	182409	21628	0	39363
17b_45	402160	372923	0.927	183621	4043	18781	2149	0	4264
17b_46	379820	356249	0.938	177316	2222	15870	1755	0	3724
17b_47	656199	615355	0.938	303984	6549	27068	1464	0	5763
17b_48	87497	81973	0.937	40578	1199	3475	147	0	703
17b_49	698786	642252	0.919	318696	7699	34265	3254	0	11316
17b_50	1592653	1467141	0.921	726304	26815	74508	7522	0	16667
17c_01	79635	54866	0.689	27258	2019	6555	15286	0	909
17c_02	175544	128225	0.730	63833	8782	22099	15006	0	1432
17c_03	212001	141418	0.667	70731	14860	23935	29837	0	1951
17c_04	126930	70687	0.557	34290	7755	17359	29487	0	1642
17c_05	109221	54824	0.502	26430	7517	12770	33357	0	753
17c_06	985047	789231	0.801	392948	39780	116922	29127	0	9987
17c_07	385632	289796	0.751	144121	14699	44659	33108	0	3370
17c_08	78002	51950	0.666	25436	4597	11959	8834	0	662
17c_09	249820	205524	0.823	101460	8558	21615	12415	0	1708
17c_10	141197	94141	0.667	47056	9331	17382	18874	0	1469
17c_11	657471	528815	0.804	263111	27818	65244	30375	0	5219
17c_12	984673	794763	0.807	396204	47887	114711	17925	0	9387
17c_13	558059	406177	0.728	202419	21032	62431	64106	0	4313
17c_14	2195218	1784199	0.813	889078	86187	240856	62486	0	21490
17c_15	312771	183102	0.585	90952	19569	32257	75692	0	2151
17c_16	411729	300679	0.730	149568	20591	45734	40224	0	4501
17c_17	742495	612534	0.825	304293	29251	74498	17513	0	8699
17c_18	825140	663254	0.804	331727	46411	89799	18468	0	7208
17c_19	171300	52134	0.304	26007	13355	15410	89419	0	982
17c_20	1584945	1271948	0.803	633362	54433	188466	48071	0	22027
17c_21	2650192	2012688	0.759	1002299	129927	323173	145340	0	39064
17c_22	1789119	1306808	0.730	650828	88520	231489	140639	0	21663
17c_23	916770	713130	0.778	353672	39779	105520	49027	0	9314
17c_24	1212265	998145	0.823	498227	50761	128670	23376	0	11313
17c_25	2415032	1908056	0.790	950541	128948	320474	28172	0	29382
17c_26	3628052	2967166	0.818	1477575	155872	418726	49128	0	37160
17c_27	9189603	7655616	0.833	3809388	277340	1064817	93907	0	97923
17c_28	2373726	1900249	0.801	945219	61175	290744	82430	0	39128
17c_29	4266280	3393629	0.795	1690792	189234	485661	144594	0	53162
17c_30	626061	156333	0.250	76637	49466	53542	363223	0	3497
17c_31	2703661	1974833	0.730	981660	117795	321302	251690	0	38041
17c_32	276452	207590	0.751	103780	15308	32447	18779	0	2328
17c_33	2382815	1911531	0.802	951109	77971	269448	97504	0	26361
17c_34	555002	444380	0.801	220897	28058	60575	16009	0	5980
17c_35	1139843	839842	0.737	418681	49026	116399	124535	0	10041
17c_36	3749207	3031733	0.809	1511314	153595	440511	81373	0	41995
17c_37	4076507	3337245	0.819	1659329	158513	465085	80417	0	35247
17c_38	1179590	908015	0.770	451692	61444	132488	61155	0	16488
17c_39	6900344	5518979	0.800	2746923	385603	831585	83363	0	80814
17c_40	1265918	1012063	0.799	505347	64914	135217	45762	0	7962
17c_41	456812	377366	0.826	188195	16160	50013	9059	0	4214
17c_42	639315	500502	0.783	248492	24034	71937	36085	0	6757
17c_43	2075919	1666451	0.803	831132	84809	257147	41403	0	26109
17c_44	3264930	2647118	0.811	1314689	118525	361535	103774	0	33978
17c_45	1403723	1056569	0.753	524864	65263	158872	108980	0	14039
17c_46	886732	630118	0.711	314163	48496	89755	111779	0	6584
17c_47	593927	406494	0.684	201977	31555	72486	78583	0	4809
17c_48	948567	758876	0.800	378481	36748	112641	29263	0	11039
17c_49	658438	452947	0.688	225271	24340	78390	97057	0	5704
17c_50	5981475	4990479	0.834	2486887	200481	669238	68054	0	53223
18a_01	252916	231927	0.917	114465	4618	11431	2768	0	2172
18a_02	42179	34283	0.813	15530	877	4438	1632	0	949
18a_03	498785	462980	0.928	230698	5707	21540	2365	0	6193
18a_04	78919	70007	0.887	33690	1251	5207	1191	0	1263
18a_05	9529	7724	0.811	3553	222	925	311	0	347
18a_06	1352564	1260334	0.932	623495	22246	54880	5480	0	9624
18a_07	75322	69567	0.924	34152	1006	3208	1005	0	536
18a_08	37615	28264	0.751	13757	597	2007	6336	0	411
18a_09	208459	178478	0.856	88109	2520	8465	17331	0	1665
18a_10	140256	125312	0.893	60874	1926	8919	2533	0	1566
18a_11	171052	152320	0.890	75271	2069	8318	6329	0	2016
18a_12	927567	861136	0.928	427675	9781	36083	12352	0	8215
18a_13	407390	369009	0.906	182792	4841	18329	11775	0	3436
18a_14	189824	174145	0.917	85727	3122	9495	1068	0	1994
18a_15	71521	66135	0.925	32676	1036	2774	669	0	907
18a_16	1125512	1051369	0.934	518734	13520	46370	5415	0	8838
18a_17	164382	151013	0.919	74665	2289	8478	592	0	2010
18a_18	1583298	1479351	0.934	732647	18670	66362	4673	0	14242
18a_19	12520	11284	0.901	5585	97	944	79	0	116
18a_21	2026690	1878037	0.927	931481	25283	90437	11483	0	21450
18a_22	6422879	5977500	0.931	2962743	69000	293505	31291	0	51583
18a_23	18228064	16957676	0.930	8405755	202515	792877	62950	0	212046
18a_24	540211	497077	0.920	244552	6853	26966	4118	0	5197
18a_25	426666	401081	0.940	198255	3657	15970	2818	0	3140
18a_26	2388070	2218548	0.929	1100186	30526	101079	16633	0	21284
18a_27	870064	806929	0.927	399440	12734	36777	5840	0	7784
18a_28	21050769	19548915	0.929	9673467	224432	962662	98741	0	216019
18a_29	439866	405396	0.922	199857	4972	21842	2556	0	5100
18a_30	1633043	1519404	0.930	754086	21023	70334	6481	0	15801
18a_31	309469	286866	0.927	142387	3326	14029	1817	0	3431
18a_32	50536	32187	0.637	15800	1077	2825	13623	0	824
18a_33	70037	54243	0.774	26517	2470	3981	8446	0	897
18a_34	3680712	3464280	0.941	1715163	30637	142249	15194	0	28352
18a_35	1237778	1161130	0.938	574859	14655	48166	5159	0	8668
18a_36	450738	420194	0.932	207370	4194	20037	1611	0	4702
18a_37	2421498	2253444	0.931	1116518	26914	104026	14834	0	22280
18a_38	4822196	4482081	0.929	2221415	62530	212327	14592	0	50666
18a_39	1995804	1870065	0.937	927045	17324	81894	10737	0	15784
18a_40	6469487	6041545	0.934	2980810	73847	271464	22474	0	60157
18a_42	7143953	6672187	0.934	3299144	72705	310463	24557	0	64041
18a_43	493952	455837	0.923	226006	8835	21134	1984	0	6162
18a_44	187537	174131	0.929	86481	3022	7059	700	0	2625
18a_46	1520981	1411136	0.928	697007	17920	60976	15810	0	15139
18a_48	918638	856240	0.932	422622	11467	38518	5319	0	7094
18a_49	2528078	2375055	0.939	1173277	21023	101963	9801	0	20236
18a_50	666927	618500	0.927	305046	5021	31733	3112	0	8561
18b_02	1176250	935003	0.795	465140	48115	138157	32875	0	22100
18b_03	1706510	1387003	0.813	690987	84591	186535	23479	0	24902
18b_04	4050735	3369181	0.832	1677056	119588	447834	63433	0	50699
18b_06	7210364	6041088	0.838	2995932	187857	742601	137260	0	101558
18b_07	5691057	4636772	0.815	2305067	187029	666357	106718	0	94181
18b_08	7326027	6128170	0.836	3056406	210344	781123	103883	0	102507
18b_09	1033871	860092	0.832	429237	50597	103521	9742	0	9919
18b_10	7175174	5976469	0.833	2972508	204050	747286	122315	0	125054
18b_11	2334996	1970911	0.844	979707	72567	226935	27081	0	37502
18b_12	1589539	1331959	0.838	660934	48697	171889	15421	0	21573
18b_13	3882374	3298508	0.850	1639393	100438	383370	32932	0	67126
18b_15	5417376	4545483	0.839	2263951	179919	569453	57147	0	65374
18b_16	4450630	3709431	0.833	1848315	161002	465992	47057	0	67148
18b_17	3358188	2762157	0.823	1374855	128826	375836	45537	0	45832
18b_18	2417574	2008490	0.831	1000019	59734	272011	29305	0	48034
18b_19	9476967	7964925	0.840	3961835	279874	1001363	114994	0	115811
18b_20	4718511	3986080	0.845	1986368	126944	490162	57510	0	57815
18b_21	5897148	4939514	0.838	2457719	174881	633993	64992	0	83768
18b_22	9534498	7935169	0.832	3951675	248146	1028688	186131	0	136364
18b_23	3903721	3251298	0.833	1616752	156626	393996	51888	0	49913
18b_24	4105443	3361190	0.819	1675689	133366	516849	45737	0	48301
18b_26	4355865	3651389	0.838	1820663	157551	454191	38405	0	54329
18b_27	10611024	8708655	0.821	4337284	319163	1289990	169818	0	123398
18b_30	2362891	1998825	0.846	991649	58946	236841	30606	0	37673
18b_31	2327347	1836240	0.789	912654	85847	316408	46599	0	42253
18b_32	25847558	21619414	0.836	10766051	786520	2803502	306228	0	331894
18b_33	5377450	4513543	0.839	2253798	197856	529832	71105	0	65114
18b_35	4224926	3522123	0.834	1752123	142496	446748	46707	0	66852
18b_37	5013405	4143747	0.827	2063005	145266	567667	82378	0	74347
18b_39	9534753	7838740	0.822	3899645	268283	1014201	283440	0	130089
18b_40	6127851	5007763	0.817	2489637	192102	742373	91360	0	94253
18b_42	6084990	5006191	0.823	2491526	168434	659752	164265	0	86348
18b_45	2625364	2198183	0.837	1093890	82799	279557	32507	0	32318
18b_46	2722700	2318287	0.851	1152484	80972	255062	34473	0	33906
18b_47	1832057	1539841	0.840	767130	48856	188642	38117	0	16601
18b_48	661456	557670	0.843	277217	20288	65001	10743	0	7754
18b_49	1117082	947217	0.848	471652	37548	105862	13743	0	12712
18c_100	2390106	2157510	0.903	1072449	38842	144805	6531	0	42418
18c_51	7012	5115	0.729	2316	544	809	230	0	314
18c_52	241271	219778	0.911	109395	2980	13945	855	0	3713
18c_53	284903	261719	0.919	129961	5408	13711	802	0	3263
18c_54	465628	423966	0.911	209815	7436	27741	1081	0	5404
18c_55	3509295	3228480	0.920	1603513	56178	173346	6464	0	44827
18c_56	3066560	2818107	0.919	1401379	49200	154046	6609	0	38598
18c_57	31457	28681	0.912	14210	566	1494	283	0	433
18c_58	145227	131233	0.904	65234	2411	9066	418	0	2099
18c_59	37537	32904	0.877	16303	776	2563	545	0	749
18c_60	1339768	1227933	0.917	611141	22940	69808	2503	0	16584
18c_61	469700	431567	0.919	214962	7490	23492	1271	0	5880
18c_62	37038	31969	0.863	15619	863	2903	355	0	948
18c_63	748488	683792	0.914	339399	12558	38803	1605	0	11730
18c_64	249979	227277	0.909	112341	3639	13885	1045	0	4133
18c_65	349359	319651	0.915	158946	6081	18157	649	0	4821
18c_66	1581156	1450348	0.917	722631	23726	84918	3772	0	18392
18c_67	43848	39115	0.892	19409	749	2852	244	0	888
18c_68	1444815	1324496	0.917	659455	22054	76104	2652	0	19509
18c_70	799047	728592	0.912	362353	16310	41146	1262	0	11737
18c_71	1234575	1117385	0.905	555122	20628	74047	2732	0	19783
18c_72	195412	172978	0.885	85403	4461	13416	1039	0	3518
18c_73	1587123	1429804	0.901	712133	30422	94448	3834	0	28615
18c_74	12316	10531	0.855	5032	193	1035	195	0	362
18c_75	301590	269524	0.894	134032	5203	20220	589	0	6054
18c_76	370365	332231	0.897	164716	7450	22700	1129	0	6855
18c_77	426904	383321	0.898	190680	8826	26513	1044	0	7200
18c_78	954018	847647	0.889	421494	15584	62643	2262	0	25882
18c_79	3098932	2741568	0.885	1364559	61165	213560	7181	0	75458
18c_81	4363249	3932420	0.901	1955235	74726	268811	11563	0	75729
18c_82	127631	111734	0.875	55352	2868	9473	769	0	2787
18c_83	426886	379476	0.889	188262	6950	29410	1360	0	9690
18c_84	566048	505530	0.893	251047	10247	35346	1783	0	13142
18c_85	324797	297242	0.915	147412	5186	15586	1066	0	5717
18c_86	772518	698854	0.905	347105	10465	45445	1618	0	16136
18c_87	783085	698708	0.892	348341	14385	50025	2066	0	17901
18c_88	538896	476538	0.884	236621	10176	37023	2331	0	12828
18c_89	2275374	2042157	0.898	1014973	33111	151396	5572	0	43138
18c_90	183593	166730	0.908	83170	3371	9460	453	0	3579
18c_91	597034	544753	0.912	270898	10189	32665	1421	0	8006
18c_92	353215	319812	0.905	159205	6211	21718	1613	0	3861
18c_94	1291865	1171845	0.907	582033	19258	75609	3048	0	22105
18c_95	514184	465477	0.905	231207	9860	29688	1315	0	7844
18c_96	2836	1860	0.656	859	284	470	96	0	126
18c_97	613448	554435	0.904	275316	11169	35346	1872	0	10626
18c_98	6083428	5517492	0.907	2746726	92887	354474	12641	0	105934
18c_99	174545	159582	0.914	79430	2262	9403	361	0	2937
19a_01	1015859	799304	0.787	398283	52655	116835	39346	0	7719
19a_02	1919445	1509188	0.786	753482	97170	257335	26921	0	28831
19a_03	6715446	5613408	0.836	2788184	240516	731537	56143	0	73842
19a_04	6467991	5291585	0.818	2635263	242504	784022	79899	0	69981
19a_05	616322	310587	0.504	155793	35247	66742	199218	0	4528
19a_06	1422754	1082876	0.761	539661	73620	195296	55184	0	15778
19a_07	7277116	6045150	0.831	3009659	240861	871757	47634	0	71714
19a_08	477158	356462	0.747	177564	30804	56612	29604	0	3676
19a_09	154639	110293	0.713	55004	6399	21705	14207	0	2035
19a_10	509663	384561	0.755	191017	21103	58755	39703	0	5541
19a_11	1880684	1474815	0.784	736343	75594	229267	79834	0	21174
19a_12	6425332	5221181	0.813	2600612	220918	772790	134325	0	76118
19a_13	2246786	1680888	0.748	836170	115532	260839	164171	0	25356
19a_14	1924834	1487952	0.773	738811	96158	220436	100356	0	19932
19a_15	3777144	3127729	0.828	1556819	107001	434753	48453	0	59208
19a_16	493911	387860	0.785	193607	29258	63355	8221	0	5217
19a_17	463659	362157	0.781	179184	16539	51788	27594	0	5581
19a_18	1235055	965866	0.782	481825	64662	151289	38007	0	15231
19a_19	265935	132190	0.497	66132	16598	27640	87550	0	1957
19a_20	1235797	978736	0.792	487544	64803	144973	35094	0	12191
19a_21	421036	146875	0.349	73266	31432	35994	203361	0	3374
19a_22	1037439	820117	0.791	408059	48326	123303	34738	0	10955
19a_23	796489	589761	0.740	292428	43072	100574	55493	0	7589
19a_24	253099	184061	0.727	91531	21945	29420	14998	0	2675
19a_25	378241	278476	0.736	138104	32601	48626	14749	0	3789
19a_26	1049172	838980	0.800	417556	46168	124069	29499	0	10456
19a_27	4964446	4054616	0.817	2023512	219342	608386	22232	0	59870
19a_28	675515	546956	0.810	272043	23243	80271	15314	0	9731
19a_29	808770	646134	0.799	320441	34596	99157	18531	0	10352
19a_30	241678	169534	0.701	83143	13305	34409	21540	0	2890
19a_31	1135972	860988	0.758	429674	81048	170396	9480	0	14060
19a_32	324801	241685	0.744	121245	23185	45146	12262	0	2523
19a_33	84724	58556	0.691	28706	4019	8520	12925	0	704
19a_34	451881	373917	0.827	186399	23030	43691	7552	0	3691
19a_35	407194	315193	0.774	158625	26855	54455	7557	0	3134
19a_36	291230	224332	0.770	111498	21206	31795	12295	0	1602
19a_37	433307	343240	0.792	171044	27260	46601	12075	0	4131
19a_38	1726293	1445886	0.838	721081	85629	169883	6276	0	18619
19a_39	1265434	1015954	0.803	506211	73558	159243	4553	0	12126
19a_40	78019	61401	0.787	30522	3647	7920	4072	0	979
19a_41	14836	9341	0.630	4460	1296	2184	1871	0	144
19a_42	14481	8098	0.559	3910	388	1407	4461	0	127
19a_43	52996	35472	0.669	17440	3811	8484	4325	0	904
19a_44	496546	402045	0.810	200595	29064	55235	5402	0	4800
19a_45	174735	141333	0.809	70531	9225	17723	5127	0	1327
19a_46	912860	749169	0.821	373931	50384	100522	5953	0	6832
19a_47	255141	203948	0.799	101174	13123	30065	5572	0	2433
19a_48	14311	8701	0.608	4068	1087	1360	3022	0	141
19a_49	194949	25074	0.129	12210	20578	19855	128229	0	1213
19a_50	1098699	834954	0.760	415409	63014	132639	54165	0	13927
19b_01	1894869	1619863	0.855	807020	51804	180583	15170	0	27449
19b_02	1275528	1066841	0.836	531703	42919	146176	6436	0	13156
19b_03	536611	457817	0.853	228142	16664	47177	8694	0	6259
19b_04	479903	381757	0.795	189799	18520	61118	12079	0	6429
19b_05	146360	101722	0.695	50357	5432	12601	24675	0	1930
19b_06	1729876	1414926	0.818	705490	59014	199552	29964	0	26420
19b_08	123706	73764	0.596	36759	5655	13832	28311	0	2144
19b_09	3881594	3231996	0.833	1612542	111588	453906	26540	0	57564
19b_11	423725	343301	0.810	171239	13394	40815	19048	0	7167
19b_13	1984902	1618267	0.815	806601	81033	246772	13046	0	25784
19b_14	655077	553952	0.846	276022	16414	64069	12315	0	8327
19b_15	636538	521851	0.820	259175	18009	70919	14789	0	10970
19b_16	3231497	2750716	0.851	1369378	84828	324601	19651	0	51701
19b_19	1566262	1300404	0.830	648131	43440	171104	19230	0	32084
19b_20	267359	209093	0.782	104319	10825	30486	12198	0	4757
19b_21	2325279	1898450	0.816	946066	88196	282988	8700	0	46945
19b_23	317911	251524	0.791	124746	9211	36172	13883	0	7121
19b_25	700595	584936	0.835	291162	20016	72571	10715	0	12357
19b_26	1901237	1618261	0.851	806583	64002	178727	19824	0	20423
19b_29	35761	2339	0.065	1053	3322	3372	26605	0	123
19b_30	1063369	852092	0.801	422665	36626	135499	19047	0	20105
19b_31	649577	508245	0.782	252544	28501	77783	25501	0	9547
19b_32	4333495	3607264	0.832	1802267	163999	464341	24848	0	73043
19b_33	872351	731433	0.838	364412	25148	86612	11809	0	17349
19b_34	3301912	2792907	0.846	1390397	91529	340632	18882	0	57962
19b_35	2240240	1887126	0.842	939431	78013	220407	19166	0	35528
19b_36	1022295	837766	0.819	416438	38625	109422	22559	0	13923
19b_37	94304	55533	0.589	27614	4076	8088	25429	0	1178
19b_38	316037	220974	0.699	110391	14556	40788	33646	0	6073
19b_39	2167165	1819052	0.839	906950	88179	217506	21977	0	20451
19b_40	1456322	1208872	0.830	601100	52666	146236	17550	0	30998
19b_42	23162	3781	0.163	1709	1490	2782	14845	0	264
19b_43	1520951	1280089	0.842	635762	39248	155738	16177	0	29699
19b_44	694605	554863	0.799	275559	30056	84915	12950	0	11821
19b_45	591010	478128	0.809	237519	21909	65361	16498	0	9114
19b_46	941722	775470	0.823	385628	27147	89582	33001	0	16522
19b_47	2842923	2343461	0.824	1164627	104260	318777	25092	0	51333
19b_48	547113	411990	0.753	205156	17450	57489	48047	0	12137
19b_50	4367162	3680086	0.843	1827771	135560	443407	22139	0	85970
19cd_01	98330	55090	0.560	27356	5000	13180	23852	0	1208
19cd_02	17332818	14202503	0.819	7089944	610531	2185588	59020	0	275176
19cd_04	14631350	12365889	0.845	6180439	443968	1554879	66818	0	199796
19cd_05	1232981	1024940	0.831	510174	34892	128244	20836	0	24069
19cd_07	1009143	832292	0.825	413656	29870	112877	15731	0	18373
19cd_08	246316	168820	0.685	83788	11166	25120	37356	0	3854
19cd_09	10337405	8429325	0.815	4198696	345359	1330481	54553	0	177687
19cd_10	5591412	4706941	0.842	2340744	166399	561978	37448	0	118646
19cd_11	4445894	3636406	0.818	1813307	160787	547091	38094	0	63516
19cd_12	4988514	4194277	0.841	2087233	144282	517887	41260	0	90808
19cd_13	4478698	3714443	0.829	1852956	137931	530669	21677	0	73978
19cd_15	168019	108189	0.644	53988	6245	17306	34788	0	1491
19cd_19	175155	131116	0.749	65226	6820	21740	11650	0	3829
19cd_20	561770	460447	0.820	228512	11995	55225	21913	0	12190
19cd_21	4944363	4035328	0.816	2011261	156016	609818	49560	0	93641
19cd_23	154978	97854	0.631	48466	5447	15767	33172	0	2738
19cd_24	328737	257519	0.783	128078	9354	37672	17837	0	6355
19cd_25	935402	762196	0.815	378281	28138	96498	32948	0	15622
19cd_26	3418246	2886858	0.845	1437366	102607	350386	29063	0	49332
19cd_27	1906490	1602110	0.840	797655	49677	196570	23325	0	34808
19cd_28	1783724	1526793	0.856	760549	38999	175929	14499	0	27504
19cd_29	204314	141814	0.694	70607	8049	21576	30255	0	2620
19cd_30	2654046	2204397	0.831	1099313	74940	287895	33392	0	53422
19cd_31	2921068	2449702	0.839	1219950	88064	293744	35792	0	53766
19cd_32	447963	353537	0.789	176001	14015	51415	20999	0	7997
19cd_33	393224	318728	0.811	157837	11995	38282	17653	0	6566
19cd_34	2380016	2012302	0.845	1003284	80815	235332	10083	0	41484
19cd_35	1098200	913633	0.832	454495	39289	98705	34215	0	12358
19cd_36	546023	444683	0.814	221538	15129	47929	31129	0	7153
19cd_37	394676	293173	0.743	145467	14991	39571	40269	0	6672
19cd_38	3084872	2606489	0.845	1299377	83294	308815	37416	0	48858
19cd_39	990840	809183	0.817	401478	31334	101135	30984	0	18204
19cd_40	1668919	1399905	0.839	697871	52650	164286	24669	0	27409
19cd_41	1726718	1457318	0.844	723698	51038	164562	30214	0	23586
19cd_42	48890	35897	0.734	17574	1703	4915	5853	0	522
19cd_45	2627985	2239474	0.852	1115935	75930	257385	17417	0	37779
19cd_47	544144	460714	0.847	229293	15075	51815	9130	0	7410
19cd_48	1393770	1179861	0.847	588603	46105	138592	6950	0	22262
19cd_49	415487	334961	0.806	166305	13634	42057	19346	0	5489
19cd_50	2360457	1994464	0.845	993649	75208	237948	22904	0	29933
20a_03	841906	706756	0.839	351308	29913	90821	2854	0	11562
20a_06	591278	497761	0.842	247543	20998	64020	2287	0	6212
20a_09	378842	319743	0.844	158823	10492	42199	1350	0	5058
20a_12	435658	361575	0.830	179699	15631	52500	1466	0	4486
20a_13	204435	170232	0.833	84090	6390	24008	1694	0	2111
20a_14	18650	12677	0.680	5925	1525	3104	674	0	670
20a_15	347315	297041	0.855	147422	10573	34144	1536	0	4021
20a_18	342057	284376	0.831	141593	15054	37126	1188	0	4313
20a_30	1161773	997800	0.859	497790	45127	104826	2607	0	11413
20a_31	79383	67681	0.853	33317	1970	7778	765	0	1189
20a_37	243469	202966	0.834	100331	10202	25236	1654	0	3411
20a_38	53087	43087	0.812	20861	1935	5541	1649	0	875
20a_41	126032	104147	0.826	51472	4336	13797	1882	0	1870
20a_43	12443	8785	0.706	4065	625	2059	597	0	377
20a_47	2922269	2376972	0.813	1183850	167986	323685	4681	0	48945
20a_48	292106	234908	0.804	116730	14402	34866	2024	0	5906
23p_10	153613	122838	0.800	61165	11433	17207	724	0	1411
23p_21	29579	23135	0.782	11196	1831	3620	542	0	451
23p_45	1081756	924776	0.855	460776	45711	98007	2284	0	10978
23p_46	1246266	1024723	0.822	508450	51747	150019	3215	0	16562
23p_47	714217	583856	0.817	289853	38660	81047	2661	0	7993
23p_51	4741252	3917473	0.826	1950059	182190	546875	9806	0	84908
23p_55	950175	770331	0.811	383077	51531	114101	3225	0	10987
23p_57	1174746	946147	0.805	471678	46772	158998	5305	0	17524
23p_59	1614492	1340937	0.831	667946	82209	171956	3032	0	16358
23p_60	1288031	1077160	0.836	534969	56533	135120	2643	0	16575
23p_61	833835	686866	0.824	340886	46799	88372	2625	0	9173
23p_62	1730607	1405990	0.812	700392	89530	209229	2901	0	22957
23p_63	2573895	2154815	0.837	1070290	95685	274661	4503	0	44231
23p_64	3627339	2964885	0.817	1476014	211689	397244	5464	0	48057
23p_65	3434041	2863836	0.834	1422969	122966	374424	8496	0	64319
23p_66	1294960	1051830	0.812	524877	73646	150998	2838	0	15648
23p_67	498446	416014	0.835	206883	26938	49515	1315	0	4664
23p_68	955643	779193	0.815	388323	63516	96779	1728	0	14427
23p_69	1191844	986204	0.827	489487	59254	125303	2019	0	19064
23p_70	2416784	1908039	0.789	951513	128538	338701	5580	0	35926
23p_71	3558319	2886063	0.811	1434583	175726	430696	7765	0	58069
23p_72	2057833	1703746	0.828	846791	68819	234044	4301	0	46923
23p_73	3574121	2977951	0.833	1478961	147206	380307	5886	0	62771
23p_74	2960209	2466235	0.833	1231266	124970	324309	5124	0	39571
23p_75	1195430	981051	0.821	488193	73687	127700	1804	0	11188
23p_76	3440709	2882357	0.838	1435443	134279	367904	6246	0	49923
23p_77	3810475	3047506	0.800	1516046	203966	483793	7269	0	67941
23p_78	1070234	878415	0.821	436918	43325	124134	3150	0	21210
23p_79	3663983	3028312	0.827	1506915	153921	410541	5572	0	65637
23p_80	898063	725356	0.808	361215	44958	106486	2112	0	19151
23p_81	3715238	3039184	0.818	1508532	150399	445401	7678	0	72576
23p_82	880961	722835	0.821	359786	50475	92353	2415	0	12883
23p_83	1394458	1147928	0.823	571574	68673	161577	2232	0	14048
23p_84	1812355	1476854	0.815	735309	105715	202237	2878	0	24671
23p_85	1343047	1110735	0.827	553891	71066	140955	3122	0	17169
23p_86	1100176	913083	0.830	454949	42119	124054	2662	0	18258
23p_87	1818979	1479926	0.814	735463	116739	197869	4636	0	19809
23p_88	2204387	1835797	0.833	913241	105206	230850	3739	0	28795
23p_89	3759779	3121770	0.830	1554083	187229	398522	5887	0	46371
23p_90	2449748	2083392	0.850	1036363	93531	240317	4504	0	28004
23p_91	781213	649025	0.831	322477	54479	71179	1033	0	5497
23p_92	825571	681308	0.825	338902	42680	88083	1463	0	12037
23p_93	1175474	959345	0.816	477801	65863	133683	1719	0	14864
23p_94	1368387	1169556	0.855	583055	52790	126686	2380	0	16975
23p_95	4363205	3718907	0.852	1847551	171331	414447	8277	0	50243
23p_96	1198551	1014832	0.847	504722	59490	108640	2468	0	13121
23p_97	2325443	1921699	0.826	955284	96396	265976	6637	0	34735
25c_01	1422585	1176573	0.827	585587	62285	163895	5561	0	14271
25c_02	1037595	867264	0.836	431675	34773	119337	4672	0	11549
25c_09	3680655	3081478	0.837	1536380	134824	403323	16427	0	44603
25c_10	3599278	2992187	0.831	1491862	143046	409834	11681	0	42530
25c_11	3919854	3304341	0.843	1646185	131550	421208	12811	0	49944
25c_13	5681642	4761482	0.838	2371939	185842	639700	13340	0	81278
25c_14	988092	812547	0.822	404996	42046	110158	11037	0	12304
25c_20	833428	689100	0.827	344224	34791	90256	11747	0	7534
25c_21	335722	280020	0.834	139362	10307	36513	3682	0	5200
25c_22	2435343	2003616	0.823	998559	95257	295237	8832	0	32401
25c_24	2207612	1842705	0.835	918942	65788	248492	17633	0	32994
25c_27	1430957	1178300	0.823	586148	52099	170246	9257	0	21055
25c_29	1321399	1101311	0.833	547786	42494	143132	10997	0	23465
25c_30	1937450	1599221	0.825	795776	66558	219143	26518	0	26010
25c_32	994644	837474	0.842	417132	29386	104344	8474	0	14966
25c_35	2023172	1704660	0.843	849570	53472	230151	7891	0	26998
25c_39	1229892	998243	0.812	497742	60509	148820	5362	0	16958
25c_40	1445828	1177484	0.814	587152	66917	173533	5646	0	22248
25c_44	669330	531198	0.794	265140	25410	88546	11178	0	12998
25c_45	2041420	1629751	0.798	812740	82248	289962	10767	0	28692
25c_50	597574	482040	0.807	240790	24498	72785	7611	0	10640
25c_52	3040337	2560251	0.842	1274193	102268	320420	15135	0	42263
25c_53	242394	192449	0.794	95462	8577	27703	8875	0	4790
25c_55	3578959	3027923	0.846	1510340	102494	377705	17246	0	53591
25c_57	3128322	2556753	0.817	1273648	111257	371513	18821	0	69978
25c_60	2410675	2021269	0.838	1006686	81889	240816	34710	0	31991
25c_64	4018862	3343324	0.832	1664785	113324	467315	16559	0	78340
25c_65	4488911	3777281	0.841	1883823	120128	498274	16203	0	77025
25c_72	1687439	1356217	0.804	676761	77086	205577	17098	0	31461
25c_76	271069	219646	0.810	108975	8244	29766	7378	0	6035
25c_77	2061077	1729862	0.839	860937	70096	222148	8892	0	30079
25c_78	2433593	2006736	0.825	1000434	76724	295467	10803	0	43863
25c_79	710816	566730	0.797	282726	32874	94233	4173	0	12806
25c_81	3908249	3281317	0.840	1632969	108060	431786	8747	0	78339
25c_82	5245356	4400485	0.839	2194390	174434	559637	19812	0	90988
25c_83	4538229	3814957	0.841	1904906	136954	484144	12019	0	90155
25c_84	3508749	2921058	0.833	1452061	109348	374461	16709	0	87173
25c_91	936079	789565	0.843	393513	26282	95324	5631	0	19277
25c_92	4364654	3643085	0.835	1811860	130228	478522	17625	0	95194
25c_93	1048218	866627	0.827	431740	54677	111328	5106	0	10480
26b_02	3794784	3167313	0.835	1582178	127787	429816	10246	0	59622
26b_03	1542220	1244902	0.807	622109	56250	189911	25579	0	25578
26b_04	1008433	816652	0.810	406974	34690	125241	13173	0	18677
26b_05	653632	516985	0.791	257410	21656	74474	27343	0	13174
26b_06	4257314	3508916	0.824	1746503	136565	477069	61258	0	73506
26b_07	1537221	1255565	0.817	625691	61036	162956	31243	0	26421
26b_08	1596214	1305673	0.818	649469	54103	180656	29872	0	25910
26b_09	5134769	4322819	0.842	2152070	161288	542966	23119	0	84577
26b_10	3998803	3324168	0.831	1655197	155558	443490	17232	0	58355
26b_11	14258	3328	0.233	1538	774	1547	8459	0	150
26b_12	5064591	4217011	0.833	2098522	170842	572128	39849	0	64761
26b_13	11432478	9580510	0.838	4769252	336643	1256952	65445	0	192928
26b_15	677489	542730	0.801	269469	23042	71662	25240	0	14815
26b_16	1466706	1207857	0.824	602872	40628	175940	15611	0	26670
26b_17	23297658	19917904	0.855	9934602	608016	2410454	67774	0	293510
26b_18	9114503	7729106	0.848	3856805	255295	958174	27443	0	144485
26b_19	4590887	3808065	0.829	1897566	153011	535087	12773	0	81951
26b_20	3678525	3027659	0.823	1509422	123716	456685	13188	0	57277
26b_21	7945656	6674652	0.840	3319068	187566	841617	32595	0	209226
26b_22	6052045	5034698	0.832	2509758	169547	698909	46366	0	102525
26b_23	3444926	2869352	0.833	1426910	103436	378167	27593	0	66378
26b_24	4952052	4173538	0.843	2080478	133387	537349	23602	0	84176
26b_25	4186856	3501776	0.836	1745746	136784	456854	16924	0	74518
26b_27	5248166	4394024	0.837	2188702	158786	601547	13719	0	80090
26b_28	2285052	1921003	0.841	957442	70354	243509	15104	0	35082
26b_30	7738008	6401656	0.827	3190462	239901	917575	18978	0	159898
26b_31	3446499	2904679	0.843	1446780	86535	376489	18339	0	60457
26b_32	4327136	3601524	0.832	1793895	126408	508530	17968	0	72706
26b_33	3577110	3020409	0.844	1503172	86336	385578	18131	0	66656
26b_36	3307316	2726568	0.824	1356111	78061	398906	12383	0	91398
26b_37	8397130	7132413	0.849	3546067	255296	833130	23365	0	152926
26b_39	3965590	3309068	0.834	1645820	133298	446405	9363	0	67456
26b_40	11703534	9821316	0.839	4891425	347454	1309663	22113	0	202988
26b_41	5845904	4901173	0.838	2441948	196991	620200	13220	0	114320
26b_42	10268894	8749943	0.852	4360104	243965	1088877	33363	0	152746
26b_43	4851708	4013863	0.827	1999529	152813	558753	16037	0	110242
26b_44	3187199	2642963	0.829	1317254	82530	369216	10999	0	81491
26b_45	3758751	3113307	0.828	1549861	127289	432036	14314	0	71805
26b_46	8605128	7203154	0.837	3583710	276980	949461	16773	0	158760
26b_47	3902482	3301310	0.846	1649655	123357	413204	8041	0	56570
26b_49	4683703	3901878	0.833	1938636	121137	533758	46295	0	80635
26c_01	420316	360028	0.857	179013	15334	37642	4312	0	3000
26c_02	371990	315426	0.848	157033	13190	38820	1754	0	2800
26c_03	431197	375372	0.871	187104	12880	35806	2866	0	4273
26c_04	378630	315627	0.834	156967	12727	40836	5426	0	4014
26c_05	222056	183747	0.827	91267	6557	23541	6215	0	1996
26c_06	972614	819059	0.842	408247	34355	101826	7484	0	9890
26c_07	162636	134013	0.824	66310	5453	15780	5654	0	1736
26c_08	110002	90593	0.824	45100	4209	12781	1725	0	694
26c_09	536352	460098	0.858	228930	19143	49387	2796	0	4928
26c_12	319089	264192	0.828	131087	14187	33646	3849	0	3215
26c_13	987083	851304	0.862	423222	34300	86122	6174	0	9183
26c_14	781825	665389	0.851	331730	27951	76431	4085	0	7969
26c_15	688440	587476	0.853	292456	19970	64325	9509	0	7160
26c_16	595542	503760	0.846	250492	20734	58902	6586	0	5560
26c_17	85975	65001	0.756	32290	4586	6925	8932	0	531
26c_18	138514	115177	0.832	56935	3637	12878	5848	0	974
26c_19	447984	388379	0.867	193107	11470	40613	4086	0	3436
26c_20	600870	518554	0.863	258959	17171	54450	4579	0	6116
26c_22	243274	198175	0.815	98510	9607	22694	10264	0	2534
26c_23	1146267	970742	0.847	484375	34512	116994	12476	0	11543
26c_24	1062552	906934	0.854	451101	31971	97924	14201	0	11522
26c_25	1636533	1379315	0.843	684755	55611	166872	16598	0	18137
26c_26	794757	679361	0.855	337424	21253	74394	11170	0	8579
26c_27	511684	436238	0.853	217602	16194	50148	4556	0	4548
26c_28	2098564	1798464	0.857	898165	71664	197871	7891	0	22674
26c_29	2054128	1747664	0.851	871607	70843	197977	10354	0	27290
26c_36	2037129	1752602	0.860	872803	69472	186196	6818	0	22041
26c_37	695493	586387	0.843	292647	23154	67927	9468	0	8557
26c_38	1179875	983832	0.834	490686	56856	115918	10306	0	12963
26c_39	134629	90527	0.672	44663	7265	13703	21681	0	1453
26c_40	859840	713287	0.830	354964	33061	83663	19025	0	10804
26c_41	338723	278822	0.823	138667	12659	35848	6361	0	5033
26c_42	1023418	876310	0.856	436894	32911	94073	10236	0	9888
26c_43	859145	735131	0.856	365983	28820	81883	4120	0	9191
26c_44	954533	804172	0.842	400302	32924	93059	13749	0	10629
26c_45	1498696	1274867	0.851	635836	48656	149044	8805	0	17324
26c_47	842615	713299	0.847	355402	24178	86160	11333	0	7645
26c_48	776643	658320	0.848	328308	26076	71888	10022	0	10337
26c_49	1372344	1150446	0.838	572863	57020	138317	9355	0	17206
26c_50	721190	591974	0.821	295851	37745	75033	8478	0	7960
27a_01	2279409	2059340	0.903	1022407	38376	136805	7321	0	37567
27a_02	1993334	1829074	0.918	908068	28665	100611	3072	0	31912
27a_03	2082699	1878812	0.902	933905	35857	126173	4678	0	37179
27a_04	7826552	7106103	0.908	3534667	120725	450032	11630	0	138062
27a_05	6702260	6085512	0.908	3031542	118759	401579	17894	0	78516
27a_06	491619	440206	0.895	218794	9763	30709	1192	0	9749
27a_07	1462103	1287973	0.881	638022	25835	99151	3771	0	45373
27a_08	13541890	12352161	0.912	6147345	192526	751494	30361	0	215348
27a_09	1433125	1308099	0.913	653344	22679	76834	3304	0	22209
27a_10	393771	356450	0.905	176282	6265	22148	1041	0	7867
27a_11	817126	737625	0.903	366702	13304	48953	2038	0	15206
27a_12	2695960	2435473	0.903	1210764	47455	156137	5329	0	51566
27a_13	1653448	1505331	0.910	748816	22604	95167	2888	0	27458
27a_15	1602324	1444969	0.902	718314	27025	99426	3122	0	27782
27a_16	2067242	1885694	0.912	936999	30959	115393	4700	0	30496
27a_17	2510603	2228603	0.888	1108209	36291	170726	4314	0	70669
27a_18	7053655	6321532	0.896	3142928	110205	457474	13563	0	150881
27a_19	91685	82916	0.904	41121	2338	5111	155	0	1165
27a_20	120006	103798	0.865	52028	3568	9762	326	0	2552
27a_21	126587	112391	0.888	55816	2512	8163	450	0	3071
27a_22	440457	397023	0.901	197552	8517	27669	1381	0	5867
27a_23	876638	789093	0.900	390948	13555	54201	1295	0	18494
27a_24	2299970	2047501	0.890	1019302	41271	145694	4652	0	60852
27a_25	1054409	951733	0.903	472649	16232	62131	3814	0	20499
27a_26	1787288	1636974	0.916	814022	26244	96839	3851	0	23380
27a_27	3065315	2760498	0.901	1367941	45988	182702	6718	0	69409
27a_28	1835126	1661268	0.905	825067	28081	106417	3606	0	35754
27a_29	13998224	12643491	0.903	6281218	238077	786139	51889	0	278628
27a_30	198103	172873	0.873	85202	3908	14355	638	0	6329
27a_31	368379	326642	0.887	162135	7763	27188	1435	0	5351
27a_32	831884	757597	0.911	375652	12695	47379	2889	0	11324
27a_33	483640	440185	0.910	219613	7780	29449	980	0	5246
27a_34	284214	260724	0.917	130041	3604	15835	557	0	3494
27a_35	123522	112622	0.912	56174	1725	6856	151	0	2168
27a_36	285215	257862	0.904	127811	5253	16728	1037	0	4335
27a_37	1493181	1353074	0.906	673046	26278	83436	3094	0	27299
27a_38	831130	745472	0.897	370678	22112	52916	1588	0	9042
27a_39	1795396	1638760	0.913	815203	24642	102407	3321	0	26266
27a_40	385425	353385	0.917	175919	5527	19831	767	0	5915
27a_41	1730974	1587612	0.917	788593	24969	93287	2866	0	22240
27a_42	48982	43759	0.893	21423	1240	2989	150	0	844
27a_43	55520	49028	0.883	24258	1448	3728	320	0	996
27a_44	661125	595205	0.900	295139	11851	39419	1781	0	12869
27a_45	834701	763563	0.915	378980	13983	41618	1534	0	14003
27a_46	727807	658404	0.905	328221	13250	42449	1489	0	12215
27a_47	1864541	1683592	0.903	836744	27532	113563	3377	0	36477
27a_48	3354241	3038662	0.906	1508769	52095	192635	6830	0	64019
27a_49	184117	163235	0.887	80373	3303	12344	944	0	4291
27a_50	537755	489977	0.911	243518	9802	27533	2148	0	8295
27b_01	2430157	2077735	0.855	1036368	79285	236315	6617	0	30205
27b_04	3671125	3087585	0.841	1538377	150623	366023	8853	0	58041
27b_06	2633845	2235990	0.849	1111991	120612	246197	5893	0	25153
27b_10	3006602	2495103	0.830	1241726	112067	352988	6516	0	39928
27b_11	1422468	1231479	0.866	613207	46938	127589	2076	0	14386
27b_14	1646753	1401263	0.851	697605	68287	160107	2577	0	14519
27b_15	1226538	1040888	0.849	519431	50523	115736	3477	0	15914
27b_16	2025797	1741731	0.860	866287	64329	189305	3387	0	27045
27b_18	1148361	976554	0.850	488016	48901	108344	2103	0	12459
27b_19	3267677	2725165	0.834	1357828	152136	348863	6498	0	35015
27b_20	2544532	2175511	0.855	1084463	106811	235192	4434	0	22584
27b_21	1764692	1486680	0.842	740091	74692	178189	3329	0	21802
27b_22	1198955	1013962	0.846	505344	56963	109792	2657	0	15581
27b_24	1157545	970559	0.838	482802	59005	112281	2761	0	12939
27b_35	3666104	3157364	0.861	1571646	104857	339227	7104	0	57552
27b_37	2618867	2216387	0.846	1103986	65651	275485	11503	0	49841
27b_38	442136	362512	0.820	180435	16638	52247	3449	0	7290
27b_40	1352869	1167750	0.863	582245	34629	121093	10284	0	19113
27b_42	343343	295979	0.862	147421	7593	32478	3860	0	3433
27b_43	393809	340494	0.865	169723	9142	35409	2467	0	6297
27b_48	727075	617413	0.849	305261	20920	68904	6561	0	13277
27b_49	188520	153088	0.812	76252	5755	18305	8768	0	2604
